Product_ID,Sale_Date,Sales_Rep,Region,Sales_Amount,Quantity_Sold,Product_Category,Unit_Cost,Unit_Price,Customer_Type,Discount,Payment_Method,Sales_Channel,Region_and_Sales_Rep,Year,Month,Weekday,Profit,Profit_Margin_Percent,Discount_Amount,Sales_Performance_Category
1052,2023-03-02,Bob,North,5053.97,18,Furniture,152.75,267.22,Returning,0.09,Cash,Online,North-Bob,2023.0,Mar,Thursday,2060.46,40.77,432.9,Medium Sales
1093,,Bob,West,4384.02,17,Furniture,3816.39,4209.44,Returning,0.11,Cash,Retail,West-Bob,,,,6681.85,152.41,7871.65,Medium Sales
1015,,David,South,4631.23,30,Food,261.56,371.4,Returning,0.2,Bank Transfer,Retail,South-David,,,,3295.2,71.15,2228.4,Medium Sales
1072,,Bob,South,2167.94,39,Clothing,4330.03,4467.75,New,0.02,Credit Card,Retail,South-Bob,,,,5371.08,247.75,3484.84,Low Sales
1061,,Charlie,East,3750.2,13,Electronics,637.37,692.71,New,0.08,Credit Card,Online,East-Charlie,,,,719.42,19.18,720.42,Medium Sales
1021,2023-11-02,Charlie,West,3761.15,32,Food,900.79,1106.51,New,0.21,Cash,Online,West-Charlie,2023.0,Nov,Thursday,6583.04,175.03,7435.75,Medium Sales
1083,2023-11-04,Bob,West,618.31,29,Furniture,2408.81,2624.09,Returning,0.14,Cash,Online,West-Bob,2023.0,Nov,Saturday,6243.12,1009.71,10653.81,Low Sales
1087,2023-06-01,Eve,South,7698.92,46,Furniture,3702.51,3964.65,New,0.12,Bank Transfer,Online,South-Eve,2023.0,Jun,Thursday,12058.44,156.63,21884.87,High Sales
1075,,David,South,4223.39,30,Furniture,738.06,1095.4499999999998,New,0.05,Bank Transfer,Online,South-David,,,,10721.7,253.86,1643.17,Medium Sales
1075,2023-09-10,Charlie,West,8239.58,18,Clothing,2228.35,2682.34,New,0.13,Bank Transfer,Online,West-Charlie,2023.0,Sep,Sunday,8171.82,99.18,6276.68,High Sales
1088,,Eve,North,8518.45,13,Furniture,2440.11,2517.6,New,0.23,Bank Transfer,Retail,North-Eve,,,,1007.37,11.83,7527.62,High Sales
1100,,Bob,West,2198.74,43,Food,1100.81,1137.44,Returning,0.08,Bank Transfer,Online,West-Bob,,,,1575.09,71.64,3912.79,Low Sales
1024,2023-11-11,Eve,West,6607.8,21,Food,622.01,641.09,Returning,0.0,Bank Transfer,Retail,West-Eve,2023.0,Nov,Saturday,400.68,6.06,0.0,Medium Sales
1003,,Alice,South,4775.59,30,Furniture,4190.28,4270.65,New,0.2,Cash,Online,South-Alice,,,,2411.1,50.49,25623.9,Medium Sales
1022,,Charlie,South,8813.55,21,Food,2537.2,2869.6,New,0.29,Bank Transfer,Retail,South-Charlie,,,,6980.4,79.2,17475.86,High Sales
1053,,Bob,North,2235.83,48,Furniture,121.19,487.65,New,0.18,Cash,Retail,North-Bob,,,,17590.08,786.74,4213.3,Low Sales
1002,,David,North,6810.35,17,Furniture,4024.76,4420.150000000001,Returning,0.04,Cash,Online,North-David,,,,6721.63,98.7,3005.7,High Sales
1088,2023-04-10,Bob,East,6116.75,40,Electronics,4904.93,5034.35,New,0.1,Credit Card,Retail,East-Bob,2023.0,Apr,Monday,5176.8,84.63,20137.4,Medium Sales
1030,,David,West,3023.48,19,Clothing,3049.33,3209.22,Returning,0.26,Cash,Online,West-David,,,,3037.91,100.48,15853.55,Low Sales
1038,2023-11-03,Bob,South,1452.35,15,Clothing,2543.36,2790.1000000000004,Returning,0.07,Cash,Online,South-Bob,2023.0,Nov,Friday,3701.1,254.84,2929.61,Low Sales
1002,,Eve,North,6551.23,9,Electronics,4398.16,4439.12,New,0.18,Bank Transfer,Online,North-Eve,,,,368.64,5.63,7191.37,Medium Sales
1064,2023-04-01,Eve,East,7412.11,10,Electronics,4764.96,5074.42,New,0.12,Cash,Online,East-Eve,2023.0,Apr,Saturday,3094.6,41.75,6089.3,High Sales
1060,,Eve,East,3224.71,44,Clothing,3784.96,4276.99,New,0.06,Bank Transfer,Retail,East-Eve,,,,21649.32,671.36,11291.25,Low Sales
1021,,Alice,South,6483.84,31,Furniture,2254.99,2441.79,Returning,0.24,Bank Transfer,Online,South-Alice,,,,5790.8,89.31,18166.92,Medium Sales
1033,,David,South,4011.8,23,Furniture,2981.5,3360.4,Returning,0.22,Bank Transfer,Retail,South-David,,,,8714.7,217.23,17003.62,Medium Sales
1076,,Eve,East,7160.75,30,Clothing,3519.63,3774.65,New,0.2,Credit Card,Retail,East-Eve,,,,7650.6,106.84,22647.9,High Sales
1058,2023-05-04,Alice,North,2072.23,33,Furniture,1011.65,1084.28,Returning,0.07,Bank Transfer,Retail,North-Alice,2023.0,May,Thursday,2396.79,115.66,2504.69,Low Sales
1022,2023-01-06,David,East,8913.13,9,Electronics,2263.65,2558.9500000000003,New,0.03,Cash,Online,East-David,2023.0,Jan,Friday,2657.7,29.82,690.92,High Sales
1089,2023-07-11,Bob,West,2945.36,47,Furniture,4157.62,4314.56,New,0.17,Bank Transfer,Retail,West-Bob,2023.0,Jul,Tuesday,7376.18,250.43,34473.33,Low Sales
1049,,Alice,West,3741.08,1,Furniture,3290.89,3317.75,Returning,0.17,Bank Transfer,Online,West-Alice,,,,26.86,0.72,564.02,Medium Sales
1091,2023-04-09,Charlie,South,675.11,44,Food,2085.46,2406.58,Returning,0.06,Bank Transfer,Retail,South-Charlie,2023.0,Apr,Sunday,14129.28,2092.89,6353.37,Low Sales
1059,,Alice,North,1203.97,35,Food,3333.64,3764.52,Returning,0.02,Credit Card,Online,North-Alice,,,,15080.8,1252.59,2635.16,Low Sales
1042,,Alice,North,5207.03,11,Food,635.2,814.1400000000001,Returning,0.02,Cash,Online,North-Alice,,,,1968.34,37.8,179.11,Medium Sales
1092,2023-09-02,David,West,2749.17,34,Furniture,2037.41,2238.65,New,0.3,Credit Card,Online,West-David,2023.0,Sep,Saturday,6842.16,248.88,22834.23,Low Sales
1060,,Bob,East,8371.25,16,Clothing,3975.99,4422.59,New,0.24,Cash,Online,East-Bob,,,,7145.6,85.36,16982.75,High Sales
1080,2023-05-02,Charlie,South,245.46,9,Electronics,1141.52,1550.19,New,0.28,Credit Card,Retail,South-Charlie,2023.0,May,Tuesday,3678.03,1498.42,3906.48,Low Sales
1015,2023-11-08,Eve,East,3853.03,32,Furniture,970.51,1330.84,Returning,0.06,Cash,Retail,East-Eve,2023.0,Nov,Wednesday,11530.56,299.26,2555.21,Medium Sales
1062,2023-06-01,Eve,East,3439.72,15,Clothing,4756.55,4888.46,New,0.29,Credit Card,Online,East-Eve,2023.0,Jun,Thursday,1978.65,57.52,21264.8,Medium Sales
1062,,Alice,East,291.34,12,Furniture,1088.99,1545.0,Returning,0.04,Bank Transfer,Retail,East-Alice,,,,5472.12,1878.26,741.6,Low Sales
1047,2023-08-08,David,North,1331.25,33,Electronics,1341.55,1427.21,Returning,0.15,Credit Card,Online,North-David,2023.0,Aug,Tuesday,2826.78,212.34,7064.69,Low Sales
1062,,David,West,4195.06,45,Furniture,4849.6,5166.72,Returning,0.25,Credit Card,Online,West-David,,,,14270.4,340.17,58125.6,Medium Sales
1051,2023-04-01,Eve,North,4979.36,14,Electronics,3686.81,3710.92,New,0.1,Bank Transfer,Retail,North-Eve,2023.0,Apr,Saturday,337.54,6.78,5195.29,Medium Sales
1055,2023-01-12,Charlie,West,4102.47,8,Furniture,3513.0,3838.42,Returning,0.13,Bank Transfer,Online,West-Charlie,2023.0,Jan,Thursday,2603.36,63.46,3991.96,Medium Sales
1064,,Bob,South,5356.28,8,Electronics,4271.99,4417.79,Returning,0.04,Cash,Online,South-Bob,,,,1166.4,21.78,1413.69,Medium Sales
1003,,Charlie,South,5991.8,27,Furniture,623.32,853.6600000000001,Returning,0.04,Cash,Online,South-Charlie,,,,6219.18,103.79,921.95,Medium Sales
1051,2023-04-04,Bob,East,198.25,12,Electronics,3544.48,3723.66,Returning,0.19,Cash,Online,East-Bob,2023.0,Apr,Tuesday,2150.16,1084.57,8489.94,Low Sales
1007,2023-03-03,Eve,West,4694.54,1,Food,2543.26,2637.9100000000003,Returning,0.2,Credit Card,Online,West-Eve,2023.0,Mar,Friday,94.65,2.02,527.58,Medium Sales
1021,,Bob,West,9638.64,43,Furniture,4154.3,4469.07,Returning,0.23,Cash,Retail,West-Bob,,,,13535.11,140.43,44199.1,High Sales
1073,2023-01-12,David,West,5238.42,40,Furniture,2565.3,3007.4700000000003,Returning,0.17,Credit Card,Retail,West-David,2023.0,Jan,Thursday,17686.8,337.64,20450.8,Medium Sales
1039,,Alice,East,6807.67,42,Clothing,3120.19,3600.14,Returning,0.19,Credit Card,Retail,East-Alice,,,,20157.9,296.11,28729.12,High Sales
1018,,Alice,East,3187.45,11,Clothing,2414.82,2519.07,Returning,0.0,Cash,Online,East-Alice,,,,1146.75,35.98,0.0,Low Sales
1004,,Eve,South,7762.51,39,Electronics,2416.89,2778.4,Returning,0.05,Cash,Online,South-Eve,,,,14098.89,181.63,5417.88,High Sales
1089,,David,North,7751.92,43,Furniture,3851.45,4186.98,Returning,0.3,Credit Card,Online,North-David,,,,14427.79,186.12,54012.04,High Sales
1060,,Charlie,West,5260.83,31,Electronics,3161.4,3339.66,Returning,0.02,Bank Transfer,Online,West-Charlie,,,,5526.06,105.04,2070.59,Medium Sales
1014,,David,West,9762.54,17,Food,3184.65,3204.01,New,0.2,Bank Transfer,Online,West-David,,,,329.12,3.37,10893.63,High Sales
1009,,Alice,North,1342.95,33,Clothing,2278.9,2626.9,New,0.05,Credit Card,Online,North-Alice,,,,11484.0,855.13,4334.38,Low Sales
1090,,Alice,West,267.78,32,Electronics,2678.99,3152.28,Returning,0.22,Cash,Retail,West-Alice,,,,15145.28,5655.87,22192.05,Low Sales
1053,2023-02-10,David,East,7724.57,29,Electronics,3741.3,4061.04,Returning,0.21,Credit Card,Online,East-David,2023.0,Feb,Friday,9272.46,120.04,24731.73,High Sales
1002,,David,East,8090.84,21,Clothing,4138.41,4361.7,Returning,0.07,Credit Card,Retail,East-David,,,,4689.09,57.96,6411.7,High Sales
1084,,Alice,West,1290.05,21,Furniture,3497.98,3765.31,New,0.08,Cash,Online,West-Alice,,,,5613.93,435.17,6325.72,Low Sales
1092,,Charlie,East,2729.27,40,Electronics,4624.16,4731.98,New,0.2,Bank Transfer,Retail,East-Charlie,,,,4312.8,158.02,37855.84,Low Sales
1060,,Eve,East,273.77,23,Clothing,4110.6,4488.370000000001,New,0.12,Credit Card,Online,East-Eve,,,,8688.71,3173.73,12387.9,Low Sales
1071,,Eve,West,3003.76,6,Furniture,2831.23,3206.98,Returning,0.06,Bank Transfer,Retail,West-Eve,,,,2254.5,75.06,1154.51,Low Sales
1044,,David,South,7754.1,22,Food,3373.46,3454.76,Returning,0.22,Bank Transfer,Retail,South-David,,,,1788.6,23.07,16721.04,High Sales
1008,2023-01-01,Eve,North,5227.81,38,Clothing,4635.23,5075.44,Returning,0.05,Cash,Online,North-Eve,2023.0,Jan,Sunday,16727.98,319.98,9643.34,Medium Sales
1047,,Alice,East,3546.15,37,Electronics,3114.88,3256.78,Returning,0.26,Credit Card,Online,East-Alice,,,,5250.3,148.06,31330.22,Medium Sales
1035,,Alice,South,3780.22,45,Food,4132.79,4624.1,New,0.15,Credit Card,Retail,South-Alice,,,,22108.95,584.86,31212.68,Medium Sales
1078,,David,East,113.4,8,Furniture,3459.61,3657.23,Returning,0.03,Bank Transfer,Online,East-David,,,,1580.96,1394.14,877.74,Low Sales
1081,2023-07-02,David,East,3068.03,41,Furniture,2782.08,2879.24,New,0.21,Bank Transfer,Online,East-David,2023.0,Jul,Sunday,3983.56,129.84,24790.26,Low Sales
1036,,David,North,6499.94,49,Clothing,1247.1,1429.4399999999998,New,0.16,Cash,Online,North-David,,,,8934.66,137.46,11206.81,Medium Sales
1050,,Charlie,East,9744.52,35,Clothing,2158.69,2384.38,Returning,0.09,Bank Transfer,Retail,East-Charlie,,,,7899.15,81.06,7510.8,High Sales
1004,,Eve,North,8485.9,11,Clothing,4840.33,4884.29,New,0.13,Cash,Online,North-Eve,,,,483.56,5.7,6984.53,High Sales
1002,,David,North,333.59,24,Furniture,3305.94,3599.27,New,0.09,Credit Card,Retail,North-David,,,,7039.92,2110.35,7774.42,Low Sales
1006,,Bob,North,8995.75,49,Food,2843.76,3146.6000000000004,New,0.08,Cash,Retail,North-Bob,,,,14839.16,164.96,12334.67,High Sales
1054,2023-10-06,Bob,South,7853.66,21,Furniture,4668.14,5040.22,New,0.05,Bank Transfer,Online,South-Bob,2023.0,Oct,Friday,7813.68,99.49,5292.23,High Sales
1004,,Alice,West,7825.72,2,Electronics,2953.23,2977.52,Returning,0.11,Credit Card,Retail,West-Alice,,,,48.58,0.62,655.05,High Sales
1054,2023-10-01,Eve,South,4634.16,40,Furniture,2654.11,2929.32,Returning,0.08,Cash,Online,South-Eve,2023.0,Oct,Sunday,11008.4,237.55,9373.82,Medium Sales
1093,,David,West,4040.25,19,Electronics,3808.59,3844.51,New,0.21,Credit Card,Online,West-David,,,,682.48,16.89,15339.59,Medium Sales
1063,,Bob,West,3098.87,39,Food,3577.69,3931.25,Returning,0.21,Cash,Retail,West-Bob,,,,13788.84,444.96,32196.94,Low Sales
1018,,Eve,North,750.38,28,Clothing,1006.14,1043.45,New,0.15,Bank Transfer,Retail,North-Eve,,,,1044.68,139.22,4382.49,Low Sales
1090,,Alice,East,2359.53,17,Clothing,2382.98,2839.73,Returning,0.23,Bank Transfer,Retail,East-Alice,,,,7764.75,329.08,11103.34,Low Sales
1044,,Charlie,North,2541.38,6,Furniture,2388.95,2742.97,Returning,0.25,Credit Card,Retail,North-Charlie,,,,2124.12,83.58,4114.46,Low Sales
1034,2023-10-05,Eve,East,4892.36,19,Clothing,1922.21,2180.83,Returning,0.17,Credit Card,Retail,East-Eve,2023.0,Oct,Thursday,4913.78,100.44,7044.08,Medium Sales
1074,,Eve,West,7499.7,38,Food,2610.6,2836.94,Returning,0.19,Credit Card,Online,West-Eve,,,,8600.92,114.68,20482.71,High Sales
1062,,Charlie,North,4790.72,28,Clothing,2094.88,2168.9100000000003,Returning,0.08,Cash,Retail,North-Charlie,,,,2072.84,43.27,4858.36,Medium Sales
1100,,Eve,East,672.66,2,Furniture,1036.76,1189.35,New,0.27,Bank Transfer,Online,East-Eve,,,,305.18,45.37,642.25,Low Sales
1014,2023-11-04,Alice,South,9582.12,38,Food,2091.21,2527.0,Returning,0.01,Credit Card,Online,South-Alice,2023.0,Nov,Saturday,16560.02,172.82,960.26,High Sales
1095,,Alice,East,9432.97,37,Electronics,407.77,860.95,New,0.1,Credit Card,Retail,East-Alice,,,,16767.66,177.76,3185.52,High Sales
1048,,Charlie,North,7873.38,4,Furniture,2900.14,2910.51,New,0.22,Credit Card,Retail,North-Charlie,,,,41.48,0.53,2561.25,High Sales
1015,,David,South,9914.15,22,Electronics,4275.59,4576.72,Returning,0.02,Cash,Retail,South-David,,,,6624.86,66.82,2013.76,High Sales
1072,2023-07-02,Bob,East,5490.38,26,Food,3640.17,4002.63,New,0.05,Credit Card,Retail,East-Bob,2023.0,Jul,Sunday,9423.96,171.64,5203.42,Medium Sales
1078,2023-04-04,David,East,9631.41,49,Furniture,1833.95,2147.14,Returning,0.18,Credit Card,Retail,East-David,2023.0,Apr,Tuesday,15346.31,159.34,18937.77,High Sales
1087,2023-05-04,Eve,East,848.49,43,Furniture,481.0,531.02,New,0.17,Cash,Online,East-Eve,2023.0,May,Thursday,2150.86,253.49,3881.76,Low Sales
1062,2023-01-11,Bob,East,3720.24,36,Food,1050.64,1167.3300000000002,New,0.22,Cash,Online,East-Bob,2023.0,Jan,Wednesday,4200.84,112.92,9245.25,Medium Sales
1040,2023-10-03,Charlie,East,2331.27,13,Clothing,2750.18,2882.85,Returning,0.24,Credit Card,Online,East-Charlie,2023.0,Oct,Tuesday,1724.71,73.98,8994.49,Low Sales
1085,,Charlie,South,2038.75,32,Furniture,1074.93,1492.48,Returning,0.04,Credit Card,Retail,South-Charlie,,,,13361.6,655.38,1910.37,Low Sales
1080,,Bob,West,1493.95,17,Furniture,2742.67,2979.64,Returning,0.01,Cash,Retail,West-Bob,,,,4028.49,269.65,506.54,Low Sales
1082,,Alice,South,6261.9,41,Electronics,1196.42,1444.97,Returning,0.21,Bank Transfer,Online,South-Alice,,,,10190.55,162.74,12441.19,Medium Sales
1053,,Bob,South,7835.09,36,Clothing,4252.17,4720.27,New,0.09,Cash,Retail,South-Bob,,,,16851.6,215.08,15293.67,High Sales
1024,,Eve,South,5825.15,46,Electronics,2016.49,2338.66,Returning,0.19,Bank Transfer,Retail,South-Eve,,,,14819.82,254.41,20439.89,Medium Sales
1026,2023-04-02,Alice,West,1554.93,19,Electronics,1265.48,1715.83,New,0.05,Credit Card,Retail,West-Alice,2023.0,Apr,Sunday,8556.65,550.29,1630.04,Low Sales
1089,2023-01-01,Charlie,North,8130.13,35,Clothing,4071.01,4304.7,New,0.14,Credit Card,Online,North-Charlie,2023.0,Jan,Sunday,8179.15,100.6,21093.03,High Sales
1060,,Bob,West,6395.95,46,Clothing,1747.05,1830.27,New,0.15,Bank Transfer,Retail,West-Bob,,,,3828.12,59.85,12628.86,Medium Sales
1041,,David,South,3942.84,40,Food,601.86,1067.53,New,0.18,Cash,Online,South-David,,,,18626.8,472.42,7686.22,Medium Sales
1029,2023-01-03,David,East,6773.89,28,Clothing,2873.53,3108.3,New,0.15,Credit Card,Retail,East-David,2023.0,Jan,Tuesday,6573.56,97.04,13054.86,High Sales
1015,,Eve,East,2673.06,1,Furniture,2928.74,3027.74,New,0.15,Bank Transfer,Retail,East-Eve,,,,99.0,3.7,454.16,Low Sales
1045,,David,South,3517.4,42,Clothing,3587.74,3745.91,Returning,0.1,Cash,Online,South-David,,,,6643.14,188.87,15732.82,Medium Sales
1065,,Bob,East,9183.11,18,Food,1239.09,1273.98,New,0.02,Bank Transfer,Retail,East-Bob,,,,628.02,6.84,458.63,High Sales
1089,,Bob,South,2975.99,48,Food,2246.67,2486.14,New,0.03,Cash,Retail,South-Bob,,,,11494.56,386.24,3580.04,Low Sales
1071,,David,East,4752.88,40,Food,1447.72,1875.75,New,0.13,Cash,Retail,East-David,,,,17121.2,360.23,9753.9,Medium Sales
1009,,Bob,West,8912.4,33,Clothing,450.72,918.17,Returning,0.11,Cash,Online,West-Bob,,,,15425.85,173.08,3332.96,High Sales
1088,,Eve,North,7106.44,12,Clothing,4389.24,4856.219999999999,Returning,0.15,Cash,Retail,North-Eve,,,,5603.76,78.85,8741.2,High Sales
1001,2023-12-11,Alice,North,715.81,8,Electronics,3657.91,3729.27,New,0.09,Bank Transfer,Retail,North-Alice,2023.0,Dec,Monday,570.88,79.75,2685.07,Low Sales
1008,,Eve,West,1558.3,24,Electronics,1542.24,1739.45,Returning,0.21,Bank Transfer,Retail,West-Eve,,,,4733.04,303.73,8766.83,Low Sales
1088,,Eve,West,177.63,16,Furniture,3016.9,3040.73,New,0.26,Bank Transfer,Retail,West-Eve,,,,381.28,214.65,12649.44,Low Sales
1063,2023-01-08,Bob,South,6346.13,4,Electronics,1046.26,1475.29,Returning,0.09,Bank Transfer,Retail,South-Bob,2023.0,Jan,Sunday,1716.12,27.04,531.1,Medium Sales
1011,,Alice,South,4531.97,38,Furniture,4456.67,4642.46,New,0.06,Bank Transfer,Online,South-Alice,,,,7060.02,155.78,10584.81,Medium Sales
1081,2023-05-01,Bob,South,1429.32,44,Food,618.79,938.04,Returning,0.03,Cash,Online,South-Bob,2023.0,May,Monday,14047.0,982.78,1238.21,Low Sales
1008,2023-05-12,Charlie,East,9583.55,27,Electronics,68.99,429.29,Returning,0.18,Credit Card,Retail,East-Charlie,2023.0,May,Friday,9728.1,101.51,2086.35,High Sales
1035,,Bob,South,5343.63,9,Clothing,2534.94,2755.56,Returning,0.13,Credit Card,Retail,South-Bob,,,,1985.58,37.16,3224.01,Medium Sales
1035,2023-03-03,Bob,West,2494.74,47,Electronics,2936.48,3096.64,New,0.06,Bank Transfer,Online,West-Bob,2023.0,Mar,Friday,7527.52,301.74,8732.52,Low Sales
1033,2023-12-05,Bob,North,5055.98,16,Furniture,2915.88,3397.36,New,0.2,Bank Transfer,Retail,North-Bob,2023.0,Dec,Tuesday,7703.68,152.37,10871.55,Medium Sales
1005,,Alice,East,6828.24,12,Electronics,319.83,802.4300000000001,New,0.04,Credit Card,Retail,East-Alice,,,,5791.2,84.81,385.17,High Sales
1041,,Bob,South,854.77,31,Food,1604.52,1756.34,Returning,0.17,Cash,Retail,South-Bob,,,,4706.42,550.61,9255.91,Low Sales
1028,2023-11-02,Alice,East,2819.57,24,Clothing,2521.03,2766.05,Returning,0.16,Bank Transfer,Retail,East-Alice,2023.0,Nov,Thursday,5880.48,208.56,10621.63,Low Sales
1007,,David,East,8088.96,14,Furniture,1122.07,1608.76,New,0.22,Cash,Retail,East-David,,,,6813.66,84.23,4954.98,High Sales
1073,,Charlie,South,4650.68,45,Clothing,4369.5,4381.89,Returning,0.02,Credit Card,Retail,South-Charlie,,,,557.55,11.99,3943.7,Medium Sales
1072,,Alice,East,5511.11,25,Clothing,481.19,693.4,New,0.27,Credit Card,Retail,East-Alice,,,,5305.25,96.26,4680.45,Medium Sales
1012,,David,North,4384.88,34,Furniture,2462.55,2521.77,New,0.21,Bank Transfer,Retail,North-David,,,,2013.48,45.92,18005.44,Medium Sales
1034,,Alice,West,534.61,3,Clothing,3472.51,3732.0,New,0.06,Cash,Online,West-Alice,,,,778.47,145.61,671.76,Low Sales
1033,,Alice,West,1740.92,24,Clothing,1345.67,1367.76,New,0.06,Bank Transfer,Online,West-Alice,,,,530.16,30.45,1969.57,Low Sales
1048,,Charlie,North,4510.86,42,Electronics,3139.99,3349.37,Returning,0.13,Credit Card,Retail,North-Charlie,,,,8793.96,194.95,18287.56,Medium Sales
1023,,Eve,East,2170.94,9,Clothing,4155.46,4273.6,Returning,0.25,Cash,Retail,East-Eve,,,,1063.26,48.98,9615.6,Low Sales
1062,2023-05-05,Eve,South,594.79,26,Clothing,992.17,1263.49,Returning,0.25,Bank Transfer,Retail,South-Eve,2023.0,May,Friday,7054.32,1186.02,8212.68,Low Sales
1088,,Alice,East,8452.13,20,Clothing,4590.24,5088.28,New,0.16,Bank Transfer,Retail,East-Alice,,,,9960.8,117.85,16282.5,High Sales
1037,,Bob,North,9813.81,40,Clothing,2790.11,3192.37,Returning,0.26,Bank Transfer,Online,North-Bob,,,,16090.4,163.96,33200.65,High Sales
1099,2023-04-03,David,East,7952.11,10,Furniture,1531.2,1955.56,New,0.0,Credit Card,Online,East-David,2023.0,Apr,Monday,4243.6,53.36,0.0,High Sales
1044,,Bob,West,8552.47,19,Food,2182.75,2504.03,New,0.01,Bank Transfer,Online,West-Bob,,,,6104.32,71.37,475.77,High Sales
1086,2023-02-06,Bob,East,2495.57,3,Electronics,1595.35,1625.7099999999998,New,0.27,Cash,Online,East-Bob,2023.0,Feb,Monday,91.08,3.65,1316.83,Low Sales
1091,,Alice,North,9610.21,24,Clothing,3639.3,3750.63,New,0.23,Bank Transfer,Retail,North-Alice,,,,2671.92,27.8,20703.48,High Sales
1035,,Alice,West,2049.56,5,Clothing,3991.69,4454.97,New,0.14,Credit Card,Retail,West-Alice,,,,2316.4,113.02,3118.48,Low Sales
1065,2023-05-11,Alice,East,9519.16,3,Furniture,4173.04,4362.44,New,0.23,Bank Transfer,Retail,East-Alice,2023.0,May,Thursday,568.2,5.97,3010.08,High Sales
1099,,Alice,East,9948.71,27,Food,4929.55,4990.33,Returning,0.29,Credit Card,Online,East-Alice,,,,1641.06,16.5,39074.28,High Sales
1047,,Eve,West,7146.06,16,Clothing,3966.86,4321.04,Returning,0.23,Credit Card,Retail,West-Eve,,,,5666.88,79.3,15901.43,High Sales
1078,2023-08-02,Alice,South,9813.32,49,Furniture,3026.85,3183.58,Returning,0.25,Cash,Retail,South-Alice,2023.0,Aug,Wednesday,7679.77,78.26,38998.85,High Sales
1003,,Eve,West,5738.44,15,Electronics,1729.14,1870.88,Returning,0.23,Cash,Online,West-Eve,,,,2126.1,37.05,6454.54,Medium Sales
1001,,Eve,South,2669.46,35,Electronics,2745.75,3244.76,New,0.05,Bank Transfer,Online,South-Eve,,,,17465.35,654.27,5678.33,Low Sales
1005,2023-08-03,Alice,North,4426.26,12,Clothing,253.29,683.78,New,0.25,Credit Card,Online,North-Alice,2023.0,Aug,Thursday,5165.88,116.71,2051.34,Medium Sales
1090,,Charlie,North,5976.25,41,Clothing,3736.88,3946.77,Returning,0.06,Credit Card,Online,North-Charlie,,,,8605.49,143.99,9709.05,Medium Sales
1014,2023-11-02,David,West,823.51,44,Food,2257.48,2747.81,Returning,0.27,Cash,Online,West-David,2023.0,Nov,Thursday,21574.52,2619.82,32643.98,Low Sales
1027,,Bob,West,6261.2,26,Food,149.11,477.67,Returning,0.14,Cash,Retail,West-Bob,,,,8542.56,136.44,1738.72,Medium Sales
1009,,Eve,North,9813.66,47,Clothing,359.41,733.0,Returning,0.2,Bank Transfer,Retail,North-Eve,,,,17558.73,178.92,6890.2,High Sales
1079,2023-06-06,David,South,1982.07,34,Furniture,1967.96,1993.4,Returning,0.15,Credit Card,Online,South-David,2023.0,Jun,Tuesday,864.96,43.64,10166.34,Low Sales
1015,,Charlie,North,7946.69,23,Food,2937.94,3007.53,Returning,0.03,Cash,Retail,North-Charlie,,,,1600.57,20.14,2075.2,High Sales
1090,,Bob,West,9088.2,31,Clothing,2347.81,2668.02,Returning,0.09,Bank Transfer,Retail,West-Bob,,,,9926.51,109.22,7443.78,High Sales
1042,2023-06-06,Bob,North,9442.65,20,Food,3115.06,3565.58,Returning,0.3,Credit Card,Retail,North-Bob,2023.0,Jun,Tuesday,9010.4,95.42,21393.48,High Sales
1077,2023-07-02,Eve,West,9605.34,12,Clothing,2427.46,2743.09,New,0.29,Credit Card,Retail,West-Eve,2023.0,Jul,Sunday,3787.56,39.43,9545.95,High Sales
1051,2023-07-04,Alice,West,5262.45,23,Electronics,3325.43,3401.1,New,0.1,Cash,Online,West-Alice,2023.0,Jul,Tuesday,1740.41,33.07,7822.53,Medium Sales
1063,,Charlie,North,9775.35,4,Clothing,1134.67,1201.39,New,0.3,Bank Transfer,Retail,North-Charlie,,,,266.88,2.73,1441.67,High Sales
1096,2023-11-09,Eve,South,7597.37,23,Electronics,608.57,1032.22,New,0.25,Cash,Retail,South-Eve,2023.0,Nov,Thursday,9743.95,128.25,5935.26,High Sales
1052,,Charlie,East,1700.55,48,Food,3002.35,3080.61,Returning,0.18,Bank Transfer,Retail,East-Charlie,,,,3756.48,220.9,26616.47,Low Sales
1096,,Alice,North,4821.31,48,Clothing,2449.21,2714.12,New,0.01,Credit Card,Online,North-Alice,,,,12715.68,263.74,1302.78,Medium Sales
1004,,Alice,East,7211.48,1,Food,182.99,211.18,Returning,0.27,Bank Transfer,Retail,East-Alice,,,,28.19,0.39,57.02,High Sales
1094,2023-10-01,Eve,North,2548.67,25,Electronics,1933.39,1982.92,New,0.17,Bank Transfer,Online,North-Eve,2023.0,Oct,Sunday,1238.25,48.58,8427.41,Low Sales
1023,2023-05-01,Alice,East,6442.09,2,Clothing,575.32,914.77,Returning,0.26,Bank Transfer,Online,East-Alice,2023.0,May,Monday,678.9,10.54,475.68,Medium Sales
1015,2023-03-05,David,South,6699.34,30,Food,2680.22,3027.92,Returning,0.25,Bank Transfer,Online,South-David,2023.0,Mar,Sunday,10431.0,155.7,22709.4,Medium Sales
1043,,Bob,South,1710.73,3,Electronics,2009.1,2186.42,New,0.25,Bank Transfer,Online,South-Bob,,,,531.96,31.1,1639.82,Low Sales
1029,,Eve,North,5694.34,21,Food,3085.1,3200.75,New,0.21,Cash,Retail,North-Eve,,,,2428.65,42.65,14115.31,Medium Sales
1036,,Charlie,West,7739.11,25,Furniture,4037.73,4446.45,Returning,0.09,Bank Transfer,Online,West-Charlie,,,,10218.0,132.03,10004.51,High Sales
1013,,David,East,5039.07,20,Electronics,1533.36,1649.7399999999998,Returning,0.1,Bank Transfer,Online,East-David,,,,2327.6,46.19,3299.48,Medium Sales
1032,2023-08-06,Eve,West,219.82,49,Electronics,4812.41,5088.0,Returning,0.09,Credit Card,Online,West-Eve,2023.0,Aug,Sunday,13503.91,6143.17,22438.08,Low Sales
1071,,Alice,West,189.48,22,Electronics,2701.39,3185.81,New,0.01,Bank Transfer,Online,West-Alice,,,,10657.24,5624.47,700.88,Low Sales
1059,,Alice,West,3634.59,21,Clothing,3110.54,3192.99,New,0.17,Credit Card,Online,West-Alice,,,,1731.45,47.64,11398.97,Medium Sales
1086,,Alice,South,9269.32,33,Clothing,3419.33,3890.36,Returning,0.21,Cash,Retail,South-Alice,,,,15543.99,167.69,26960.19,High Sales
1028,2023-04-08,Alice,North,2363.9,38,Clothing,3350.32,3449.94,New,0.26,Cash,Online,North-Alice,2023.0,Apr,Saturday,3785.56,160.14,34085.41,Low Sales
1066,2023-03-07,Charlie,North,6380.2,15,Furniture,2579.31,2867.36,Returning,0.04,Bank Transfer,Retail,North-Charlie,2023.0,Mar,Tuesday,4320.75,67.72,1720.42,Medium Sales
1042,,David,South,2298.55,46,Furniture,2172.38,2367.11,New,0.16,Cash,Retail,South-David,,,,8957.58,389.71,17421.93,Low Sales
1045,2023-06-06,Bob,South,3284.53,15,Electronics,316.22,799.04,New,0.0,Bank Transfer,Online,South-Bob,2023.0,Jun,Tuesday,7242.3,220.5,0.0,Low Sales
1062,,Charlie,North,8495.62,46,Furniture,159.32,303.36,New,0.03,Cash,Retail,North-Charlie,,,,6625.84,77.99,418.64,High Sales
1057,,Charlie,West,7315.73,25,Food,1821.91,2027.74,New,0.02,Bank Transfer,Retail,West-Charlie,,,,5145.75,70.34,1013.87,High Sales
1006,2023-06-06,Bob,East,1044.45,21,Electronics,1701.62,2193.22,New,0.22,Bank Transfer,Retail,East-Bob,2023.0,Jun,Tuesday,10323.6,988.42,10132.68,Low Sales
1028,,Bob,East,4344.15,24,Electronics,1969.09,2241.96,Returning,0.02,Credit Card,Online,East-Bob,,,,6548.88,150.75,1076.14,Medium Sales
1028,,Alice,East,388.78,5,Food,734.92,991.21,Returning,0.21,Credit Card,Online,East-Alice,,,,1281.45,329.61,1040.77,Low Sales
1044,,Charlie,West,4860.81,6,Electronics,3703.93,3840.24,New,0.07,Credit Card,Online,West-Charlie,,,,817.86,16.83,1612.9,Medium Sales
1084,,Eve,North,6658.1,49,Furniture,4291.97,4645.64,Returning,0.26,Credit Card,Online,North-Eve,,,,17329.83,260.28,59185.45,Medium Sales
1030,2023-10-05,Bob,South,1273.18,43,Clothing,4696.64,4713.68,Returning,0.24,Bank Transfer,Online,South-Bob,2023.0,Oct,Thursday,732.72,57.55,48645.18,Low Sales
1062,2023-05-04,Bob,North,2959.96,48,Food,2487.19,2521.4500000000003,New,0.29,Cash,Online,North-Bob,2023.0,May,Thursday,1644.48,55.56,35098.58,Low Sales
1075,,David,West,4038.58,44,Furniture,3519.29,3822.98,Returning,0.27,Bank Transfer,Online,West-David,,,,13362.36,330.87,45417.0,Medium Sales
1092,,Eve,South,9203.36,47,Food,4284.98,4462.4,New,0.28,Credit Card,Retail,South-Eve,,,,8338.74,90.61,58725.18,High Sales
1089,,Eve,West,9933.22,23,Food,2120.54,2597.67,Returning,0.26,Credit Card,Retail,West-Eve,,,,10973.99,110.48,15534.07,High Sales
1062,2023-09-10,Bob,East,544.62,4,Electronics,1581.59,2034.15,Returning,0.21,Cash,Online,East-Bob,2023.0,Sep,Sunday,1810.24,332.39,1708.69,Low Sales
1097,,Alice,East,7633.98,27,Electronics,4686.79,5046.51,Returning,0.05,Credit Card,Retail,East-Alice,,,,9712.44,127.23,6812.79,High Sales
1001,2023-10-10,David,West,3780.07,18,Furniture,2602.6,3013.49,Returning,0.08,Bank Transfer,Online,West-David,2023.0,Oct,Tuesday,7396.02,195.66,4339.43,Medium Sales
1027,2023-10-03,Eve,South,3985.34,21,Food,2511.41,2848.4,Returning,0.06,Bank Transfer,Online,South-Eve,2023.0,Oct,Tuesday,7076.79,177.57,3588.98,Medium Sales
1062,,Bob,South,7567.22,28,Electronics,933.16,1004.7,Returning,0.18,Bank Transfer,Online,South-Bob,,,,2003.12,26.47,5063.69,High Sales
1077,2023-11-01,Eve,North,9192.42,35,Electronics,585.37,970.49,Returning,0.15,Bank Transfer,Retail,North-Eve,2023.0,Nov,Wednesday,13479.2,146.63,5095.07,High Sales
1003,2023-11-09,David,East,9514.19,22,Food,4218.43,4331.42,New,0.26,Bank Transfer,Online,East-David,2023.0,Nov,Thursday,2485.78,26.13,24775.72,High Sales
1070,,David,North,5813.51,40,Furniture,3089.96,3258.45,New,0.29,Cash,Online,North-David,,,,6739.6,115.93,37798.02,Medium Sales
1072,,Charlie,North,3635.5,23,Furniture,1662.83,2074.25,New,0.12,Bank Transfer,Online,North-Charlie,,,,9462.66,260.28,5724.93,Medium Sales
1027,2023-07-02,Bob,West,7896.74,3,Food,999.09,1271.99,New,0.15,Credit Card,Online,West-Bob,2023.0,Jul,Sunday,818.7,10.37,572.4,High Sales
1009,,David,West,2584.91,40,Furniture,2799.71,3231.08,Returning,0.29,Credit Card,Retail,West-David,,,,17254.8,667.52,37480.53,Low Sales
1062,,Charlie,North,5684.33,10,Electronics,2940.4,3054.79,Returning,0.08,Credit Card,Online,North-Charlie,,,,1143.9,20.12,2443.83,Medium Sales
1037,,Charlie,East,3649.93,25,Food,1074.62,1382.4299999999998,Returning,0.24,Credit Card,Retail,East-Charlie,,,,7695.25,210.83,8294.58,Medium Sales
1097,,Eve,West,6600.65,49,Electronics,4264.46,4315.52,New,0.07,Cash,Retail,West-Eve,,,,2501.94,37.9,14802.23,Medium Sales
1051,2023-12-12,Eve,North,2479.95,8,Clothing,467.11,792.21,New,0.2,Credit Card,Online,North-Eve,2023.0,Dec,Tuesday,2600.8,104.87,1267.54,Low Sales
1044,,Charlie,North,1996.77,11,Clothing,1812.66,2196.3,New,0.08,Cash,Online,North-Charlie,,,,4220.04,211.34,1932.74,Low Sales
1024,,Eve,North,9190.57,5,Furniture,3417.9,3714.52,Returning,0.27,Credit Card,Retail,North-Eve,,,,1483.1,16.14,5014.6,High Sales
1079,2023-06-08,David,North,1107.86,45,Clothing,1406.9,1547.35,New,0.17,Cash,Retail,North-David,2023.0,Jun,Thursday,6320.25,570.49,11837.23,Low Sales
1059,,Alice,North,5108.98,37,Electronics,4146.99,4172.349999999999,Returning,0.06,Cash,Retail,North-Alice,,,,938.32,18.37,9262.62,Medium Sales
1032,,David,North,2286.44,45,Clothing,3712.35,3780.88,New,0.07,Cash,Retail,North-David,,,,3083.85,134.88,11909.77,Low Sales
1096,,Charlie,West,485.41,38,Electronics,3955.66,4270.59,Returning,0.15,Credit Card,Online,West-Charlie,,,,11967.34,2465.41,24342.36,Low Sales
1088,,Charlie,East,456.59,29,Furniture,639.58,1107.45,New,0.29,Cash,Retail,East-Charlie,,,,13568.23,2971.64,9313.65,Low Sales
1052,,David,North,1834.7,5,Furniture,745.71,856.9100000000001,Returning,0.23,Bank Transfer,Retail,North-David,,,,556.0,30.3,985.45,Low Sales
1062,2023-12-11,Eve,South,8681.03,9,Electronics,1468.05,1838.21,New,0.15,Bank Transfer,Retail,South-Eve,2023.0,Dec,Monday,3331.44,38.38,2481.58,High Sales
1058,,Eve,West,2896.54,48,Clothing,2614.48,3049.04,New,0.1,Credit Card,Retail,West-Eve,,,,20858.88,720.13,14635.39,Low Sales
1052,,Charlie,West,9509.55,2,Furniture,3752.68,4017.91,Returning,0.16,Bank Transfer,Online,West-Charlie,,,,530.46,5.58,1285.73,High Sales
1012,,Bob,North,5858.06,1,Food,4190.83,4528.77,Returning,0.22,Bank Transfer,Online,North-Bob,,,,337.94,5.77,996.33,Medium Sales
1039,,Eve,West,4422.48,40,Furniture,3536.46,3945.82,New,0.24,Bank Transfer,Online,West-Eve,,,,16374.4,370.25,37879.87,Medium Sales
1002,,David,North,5842.88,30,Clothing,4646.55,4784.28,Returning,0.1,Credit Card,Retail,North-David,,,,4131.9,70.72,14352.84,Medium Sales
1003,,Eve,East,5215.31,11,Food,3706.78,3862.26,New,0.22,Credit Card,Retail,East-Eve,,,,1710.28,32.79,9346.67,Medium Sales
1056,2023-07-05,David,East,7611.88,28,Clothing,1566.03,1576.34,Returning,0.2,Bank Transfer,Online,East-David,2023.0,Jul,Wednesday,288.68,3.79,8827.5,High Sales
1081,,Charlie,West,2896.71,44,Electronics,1362.15,1844.07,New,0.29,Credit Card,Online,West-Charlie,,,,21204.48,732.02,23530.33,Low Sales
1059,2023-02-04,Eve,West,3595.2,12,Food,3496.15,3955.75,Returning,0.28,Cash,Retail,West-Eve,2023.0,Feb,Saturday,5515.2,153.4,13291.32,Medium Sales
1002,,David,South,8951.53,39,Clothing,1004.71,1389.35,New,0.24,Bank Transfer,Online,South-David,,,,15000.96,167.58,13004.32,High Sales
1002,,Charlie,West,9469.92,26,Food,508.94,557.69,New,0.22,Credit Card,Retail,West-Charlie,,,,1267.5,13.38,3189.99,High Sales
1092,,Bob,South,8936.33,13,Clothing,2684.5,2913.78,New,0.08,Credit Card,Retail,South-Bob,,,,2980.64,33.35,3030.33,High Sales
1054,,David,East,4252.54,8,Food,4117.13,4177.06,Returning,0.25,Bank Transfer,Retail,East-David,,,,479.44,11.27,8354.12,Medium Sales
1087,,Bob,East,7825.62,28,Clothing,551.83,569.63,New,0.13,Credit Card,Retail,East-Bob,,,,498.4,6.37,2073.45,High Sales
1096,2023-02-08,Bob,North,4815.72,30,Electronics,3969.86,4281.79,Returning,0.08,Bank Transfer,Retail,North-Bob,2023.0,Feb,Wednesday,9357.9,194.32,10276.3,Medium Sales
1097,,Alice,East,5025.64,9,Food,4067.28,4548.09,Returning,0.12,Credit Card,Retail,East-Alice,,,,4327.29,86.1,4911.94,Medium Sales
1001,,Eve,South,2126.33,39,Food,2437.26,2889.67,Returning,0.25,Cash,Online,South-Eve,,,,17643.99,829.79,28174.28,Low Sales
1019,,David,West,5952.19,31,Food,333.69,685.1,New,0.04,Bank Transfer,Online,West-David,,,,10893.71,183.02,849.52,Medium Sales
1002,2023-11-04,Bob,North,1942.75,21,Food,914.22,971.57,Returning,0.14,Cash,Online,North-Bob,2023.0,Nov,Saturday,1204.35,61.99,2856.42,Low Sales
1053,2023-12-12,Alice,South,3382.49,47,Electronics,3551.76,3696.1,Returning,0.15,Bank Transfer,Retail,South-Alice,2023.0,Dec,Tuesday,6783.98,200.56,26057.5,Medium Sales
1044,,Charlie,West,8564.8,34,Food,3573.3,3740.13,Returning,0.01,Credit Card,Online,West-Charlie,,,,5672.22,66.23,1271.64,High Sales
1090,2023-01-07,David,North,2150.05,31,Furniture,4496.86,4880.799999999999,New,0.06,Cash,Retail,North-David,2023.0,Jan,Saturday,11902.14,553.58,9078.29,Low Sales
1032,2023-09-11,Bob,East,804.47,25,Electronics,2934.3,3337.4,Returning,0.25,Credit Card,Retail,East-Bob,2023.0,Sep,Monday,10077.5,1252.69,20858.75,Low Sales
1070,2023-01-01,Eve,South,783.18,12,Furniture,664.33,863.03,Returning,0.25,Bank Transfer,Retail,South-Eve,2023.0,Jan,Sunday,2384.4,304.45,2589.09,Low Sales
1032,,Alice,West,9413.77,1,Food,651.0,865.76,Returning,0.09,Bank Transfer,Retail,West-Alice,,,,214.76,2.28,77.92,High Sales
1068,,Bob,North,5118.51,22,Clothing,3619.61,3651.42,Returning,0.26,Bank Transfer,Online,North-Bob,,,,699.82,13.67,20886.12,Medium Sales
1055,,Eve,North,4153.18,40,Furniture,959.73,1111.41,New,0.23,Bank Transfer,Online,North-Eve,,,,6067.2,146.09,10224.97,Medium Sales
1075,2023-05-11,Bob,East,8127.7,37,Food,1675.51,1906.64,New,0.13,Bank Transfer,Online,East-Bob,2023.0,May,Thursday,8551.81,105.22,9170.94,High Sales
1056,,David,West,8374.68,47,Furniture,2461.7,2529.02,Returning,0.22,Cash,Retail,West-David,,,,3164.04,37.78,26150.07,High Sales
1017,,David,East,3388.69,1,Food,172.59,404.69,Returning,0.29,Bank Transfer,Online,East-David,,,,232.1,6.85,117.36,Medium Sales
1038,2023-09-11,David,East,6966.82,1,Food,1281.65,1709.71,Returning,0.14,Credit Card,Online,East-David,2023.0,Sep,Monday,428.06,6.14,239.36,High Sales
1024,,Alice,West,7734.12,42,Food,2069.05,2363.9,Returning,0.07,Cash,Online,West-Alice,,,,12383.7,160.12,6949.87,High Sales
1069,2023-03-06,David,West,6581.04,42,Clothing,1434.2,1482.88,New,0.28,Credit Card,Retail,West-David,2023.0,Mar,Monday,2044.56,31.07,17438.67,Medium Sales
1098,,Eve,West,1600.79,21,Furniture,725.03,828.9499999999999,New,0.18,Bank Transfer,Online,West-Eve,,,,2182.32,136.33,3133.43,Low Sales
1070,2023-04-03,Bob,South,8771.24,15,Electronics,3653.66,3896.19,New,0.03,Credit Card,Retail,South-Bob,2023.0,Apr,Monday,3637.95,41.48,1753.29,High Sales
1086,2023-01-09,Charlie,West,5437.04,17,Electronics,4075.08,4262.21,New,0.17,Cash,Online,West-Charlie,2023.0,Jan,Monday,3181.21,58.51,12317.79,Medium Sales
1011,,Eve,North,2896.48,22,Electronics,1324.52,1510.3,Returning,0.15,Cash,Retail,North-Eve,,,,4087.16,141.11,4983.99,Low Sales
1016,,Eve,East,4309.76,38,Electronics,3883.38,4152.72,Returning,0.26,Cash,Online,East-Eve,,,,10234.92,237.48,41028.87,Medium Sales
1097,,David,South,471.95,35,Food,1958.49,2254.84,New,0.16,Credit Card,Online,South-David,,,,10372.25,2197.74,12627.1,Low Sales
1073,,Alice,West,1365.88,45,Furniture,2558.09,2958.55,New,0.08,Cash,Online,West-Alice,,,,18020.7,1319.35,10650.78,Low Sales
1059,,Bob,South,7678.91,16,Furniture,4287.21,4464.28,Returning,0.2,Credit Card,Retail,South-Bob,,,,2833.12,36.89,14285.7,High Sales
1070,,Alice,West,100.12,8,Clothing,3762.27,4166.95,Returning,0.16,Bank Transfer,Online,West-Alice,,,,3237.44,3233.56,5333.7,Low Sales
1080,,Bob,South,4224.0,47,Furniture,4035.33,4211.25,Returning,0.07,Bank Transfer,Online,South-Bob,,,,8268.24,195.74,13855.01,Medium Sales
1093,2023-08-05,Bob,East,5272.85,17,Furniture,727.38,764.54,Returning,0.17,Credit Card,Retail,East-Bob,2023.0,Aug,Saturday,631.72,11.98,2209.52,Medium Sales
1003,,Alice,East,640.88,17,Furniture,395.11,676.6600000000001,Returning,0.25,Cash,Retail,East-Alice,,,,4786.35,746.84,2875.8,Low Sales
1020,2023-08-09,Eve,North,9733.47,26,Clothing,4472.35,4770.42,New,0.01,Credit Card,Retail,North-Eve,2023.0,Aug,Wednesday,7749.82,79.62,1240.31,High Sales
1059,,Bob,North,2338.64,13,Electronics,1969.78,2437.7,New,0.19,Credit Card,Retail,North-Bob,,,,6082.96,260.11,6021.12,Low Sales
1036,2023-01-07,Alice,West,3111.57,17,Furniture,1475.0,1840.77,Returning,0.1,Credit Card,Online,West-Alice,2023.0,Jan,Saturday,6218.09,199.84,3129.31,Low Sales
1019,2023-01-06,Bob,East,3109.03,38,Clothing,3637.25,4096.96,Returning,0.09,Bank Transfer,Online,East-Bob,2023.0,Jan,Friday,17468.98,561.88,14011.6,Low Sales
1090,,Charlie,South,2381.12,17,Clothing,4190.26,4645.35,New,0.12,Credit Card,Retail,South-Charlie,,,,7736.53,324.91,9476.51,Low Sales
1067,,Eve,South,114.59,48,Food,4319.32,4625.56,Returning,0.1,Bank Transfer,Online,South-Eve,,,,14699.52,12827.93,22202.69,Low Sales
1019,,David,South,7320.51,14,Clothing,1614.19,1882.79,New,0.25,Credit Card,Retail,South-David,,,,3760.4,51.37,6589.76,High Sales
1020,2023-10-12,Bob,North,9671.77,45,Electronics,4268.45,4551.599999999999,New,0.08,Bank Transfer,Online,North-Bob,2023.0,Oct,Thursday,12741.75,131.74,16385.76,High Sales
1096,2023-10-06,Charlie,South,2320.51,6,Furniture,252.62,742.0,New,0.22,Credit Card,Retail,South-Charlie,2023.0,Oct,Friday,2936.28,126.54,979.44,Low Sales
1071,,David,North,6664.17,35,Clothing,295.82,684.6700000000001,New,0.03,Credit Card,Online,North-David,,,,13609.75,204.22,718.9,Medium Sales
1052,2023-12-10,David,North,7444.77,46,Electronics,3136.42,3198.49,Returning,0.29,Cash,Retail,North-David,2023.0,Dec,Sunday,2855.22,38.35,42667.86,High Sales
1033,2023-04-03,Bob,West,8499.41,14,Clothing,362.38,753.81,Returning,0.19,Cash,Retail,West-Bob,2023.0,Apr,Monday,5480.02,64.48,2005.13,High Sales
1040,,Alice,South,4284.03,47,Clothing,1656.82,1750.38,New,0.21,Credit Card,Online,South-Alice,,,,4397.32,102.64,17276.25,Medium Sales
1039,2023-03-06,Bob,South,3099.02,8,Clothing,3380.14,3609.34,Returning,0.09,Credit Card,Online,South-Bob,2023.0,Mar,Monday,1833.6,59.17,2598.72,Low Sales
1082,2023-05-06,Charlie,East,3320.42,15,Clothing,1719.47,1832.6,Returning,0.12,Credit Card,Online,East-Charlie,2023.0,May,Saturday,1696.95,51.11,3298.68,Medium Sales
1001,,David,West,7154.95,27,Clothing,939.02,1286.92,Returning,0.07,Credit Card,Retail,West-David,,,,9393.3,131.28,2432.28,High Sales
1011,2023-03-12,Bob,East,8186.12,13,Electronics,1442.69,1882.57,Returning,0.28,Cash,Online,East-Bob,2023.0,Mar,Sunday,5718.44,69.86,6852.55,High Sales
1092,,Alice,West,1897.98,49,Furniture,2315.0,2467.28,New,0.15,Bank Transfer,Retail,West-Alice,,,,7461.72,393.14,18134.51,Low Sales
1057,,Bob,South,3772.32,31,Furniture,2403.16,2453.35,Returning,0.19,Credit Card,Online,South-Bob,,,,1555.89,41.24,14450.23,Medium Sales
1089,,Eve,North,9029.21,35,Furniture,3925.85,4082.11,New,0.22,Cash,Online,North-Eve,,,,5469.1,60.57,31432.25,High Sales
1050,,Alice,North,8086.27,6,Furniture,3763.26,4102.72,New,0.11,Credit Card,Retail,North-Alice,,,,2036.76,25.19,2707.8,High Sales
1023,,Charlie,North,9850.1,5,Electronics,2311.25,2482.34,Returning,0.22,Credit Card,Retail,North-Charlie,,,,855.45,8.68,2730.57,High Sales
1031,2023-08-12,David,North,7567.06,22,Food,4236.05,4382.320000000001,New,0.2,Bank Transfer,Online,North-David,2023.0,Aug,Saturday,3217.94,42.53,19282.21,High Sales
1094,2023-04-03,Bob,North,3992.63,49,Food,615.47,715.84,Returning,0.21,Credit Card,Retail,North-Bob,2023.0,Apr,Monday,4918.13,123.18,7365.99,Medium Sales
1042,2023-08-07,Alice,East,5947.31,23,Electronics,1314.0,1567.78,Returning,0.15,Credit Card,Retail,East-Alice,2023.0,Aug,Monday,5836.94,98.14,5408.84,Medium Sales
1099,,Eve,West,6644.04,25,Electronics,4148.48,4293.69,New,0.11,Bank Transfer,Online,West-Eve,,,,3630.25,54.64,11807.65,Medium Sales
1007,,Alice,South,876.71,34,Clothing,1921.07,2289.27,Returning,0.07,Bank Transfer,Retail,South-Alice,,,,12518.8,1427.93,5448.46,Low Sales
1016,,Eve,East,5490.52,26,Clothing,4906.85,4954.39,New,0.25,Bank Transfer,Online,East-Eve,,,,1236.04,22.51,32203.54,Medium Sales
1090,,Charlie,West,7122.28,47,Clothing,2357.95,2693.33,New,0.18,Bank Transfer,Online,West-Charlie,,,,15762.86,221.32,22785.57,High Sales
1060,2023-12-08,David,North,1756.48,5,Furniture,3970.08,4096.48,Returning,0.13,Cash,Retail,North-David,2023.0,Dec,Friday,632.0,35.98,2662.71,Low Sales
1002,,Charlie,West,7828.25,26,Clothing,2041.42,2291.17,Returning,0.28,Cash,Online,West-Charlie,,,,6493.5,82.95,16679.72,High Sales
1001,2023-03-08,Bob,West,5879.35,20,Food,2153.52,2303.7,Returning,0.01,Cash,Retail,West-Bob,2023.0,Mar,Wednesday,3003.6,51.09,460.74,Medium Sales
1048,,Alice,North,9527.0,6,Furniture,1945.27,2309.43,New,0.26,Credit Card,Online,North-Alice,,,,2184.96,22.93,3602.71,High Sales
1012,,Eve,North,519.98,6,Clothing,3609.42,4082.62,Returning,0.3,Bank Transfer,Retail,North-Eve,,,,2839.2,546.02,7348.72,Low Sales
1069,2023-01-02,Eve,North,2726.73,18,Furniture,2760.21,3219.58,New,0.27,Bank Transfer,Retail,North-Eve,2023.0,Jan,Monday,8268.66,303.24,15647.16,Low Sales
1037,2023-07-06,Alice,South,6055.38,4,Food,4721.7,5017.58,New,0.24,Cash,Retail,South-Alice,2023.0,Jul,Thursday,1183.52,19.54,4816.88,Medium Sales
1032,2023-12-10,Alice,North,3035.94,17,Clothing,1291.91,1528.59,Returning,0.11,Credit Card,Retail,North-Alice,2023.0,Dec,Sunday,4023.56,132.53,2858.46,Low Sales
1009,2023-01-11,Bob,South,7172.8,14,Food,547.79,958.76,Returning,0.07,Credit Card,Retail,South-Bob,2023.0,Jan,Wednesday,5753.58,80.21,939.58,High Sales
1099,,Charlie,North,7614.15,14,Food,1996.64,2341.4700000000003,Returning,0.22,Credit Card,Online,North-Charlie,,,,4827.62,63.4,7211.73,High Sales
1019,,Eve,South,1114.91,13,Food,3102.73,3202.68,New,0.09,Cash,Online,South-Eve,,,,1299.35,116.54,3747.14,Low Sales
1048,,Bob,West,5187.16,7,Clothing,4310.95,4723.2,Returning,0.05,Credit Card,Retail,West-Bob,,,,2885.75,55.63,1653.12,Medium Sales
1080,,Charlie,East,5138.02,44,Electronics,1763.67,1983.82,New,0.24,Credit Card,Online,East-Charlie,,,,9686.6,188.53,20949.14,Medium Sales
1003,,Bob,West,3755.88,15,Clothing,3286.24,3388.84,Returning,0.09,Credit Card,Retail,West-Bob,,,,1539.0,40.98,4574.93,Medium Sales
1020,,Eve,West,9335.96,19,Food,1783.48,1931.56,Returning,0.27,Bank Transfer,Retail,West-Eve,,,,2813.52,30.14,9908.9,High Sales
1024,,Alice,North,8292.31,43,Clothing,3105.24,3246.33,New,0.25,Cash,Online,North-Alice,,,,6066.87,73.16,34898.05,High Sales
1054,,Alice,South,7002.37,47,Food,4429.8,4694.21,New,0.25,Bank Transfer,Online,South-Alice,,,,12427.27,177.47,55156.97,High Sales
1033,,Charlie,East,7171.83,44,Electronics,1195.22,1320.06,Returning,0.23,Bank Transfer,Retail,East-Charlie,,,,5492.96,76.59,13359.01,High Sales
1024,,David,North,4670.99,35,Furniture,2051.0,2121.55,Returning,0.26,Cash,Retail,North-David,,,,2469.25,52.86,19306.1,Medium Sales
1075,2023-10-08,Charlie,North,9217.85,17,Electronics,4966.66,5037.27,Returning,0.24,Bank Transfer,Retail,North-Charlie,2023.0,Oct,Sunday,1200.37,13.02,20552.06,High Sales
1072,,David,North,6976.49,35,Electronics,4349.36,4645.17,Returning,0.18,Credit Card,Retail,North-David,,,,10353.35,148.4,29264.57,High Sales
1036,,Bob,West,7316.91,19,Furniture,2844.97,3215.0,Returning,0.09,Credit Card,Retail,West-Bob,,,,7030.57,96.09,5497.65,High Sales
1038,2023-12-05,Bob,South,8630.74,20,Clothing,2607.31,2774.86,New,0.27,Credit Card,Retail,South-Bob,2023.0,Dec,Tuesday,3351.0,38.83,14984.24,High Sales
1084,,Eve,South,2813.31,36,Furniture,1458.77,1485.75,New,0.25,Credit Card,Online,South-Eve,,,,971.28,34.52,13371.75,Low Sales
1099,,David,East,8090.0,35,Clothing,2610.19,2682.53,New,0.14,Cash,Retail,East-David,,,,2531.9,31.3,13144.4,High Sales
1089,,Eve,South,2032.88,32,Clothing,4248.5,4706.7,New,0.01,Bank Transfer,Retail,South-Eve,,,,14662.4,721.26,1506.14,Low Sales
1099,2023-11-05,Alice,South,3518.89,48,Food,3441.61,3693.45,Returning,0.19,Bank Transfer,Online,South-Alice,2023.0,Nov,Sunday,12088.32,343.53,33684.26,Medium Sales
1025,,David,North,3422.54,44,Food,1485.72,1717.97,New,0.02,Credit Card,Retail,North-David,,,,10219.0,298.58,1511.81,Medium Sales
1093,,Charlie,North,9787.4,40,Furniture,1047.25,1075.89,New,0.28,Credit Card,Retail,North-Charlie,,,,1145.6,11.7,12049.97,High Sales
1018,2024-01-01,Alice,West,8579.72,24,Electronics,1362.78,1729.81,New,0.29,Bank Transfer,Online,West-Alice,2024.0,Jan,Monday,8808.72,102.67,12039.48,High Sales
1082,2023-11-06,Alice,North,7041.58,17,Furniture,890.31,1159.06,Returning,0.06,Cash,Retail,North-Alice,2023.0,Nov,Monday,4568.75,64.88,1182.24,High Sales
1066,,Charlie,North,7297.86,7,Clothing,523.42,632.4399999999999,New,0.2,Bank Transfer,Online,North-Charlie,,,,763.14,10.46,885.42,High Sales
1054,,Alice,North,5664.52,43,Food,2124.72,2188.66,Returning,0.03,Credit Card,Retail,North-Alice,,,,2749.42,48.54,2823.37,Medium Sales
1035,,David,North,9476.2,1,Furniture,610.83,808.69,New,0.22,Credit Card,Online,North-David,,,,197.86,2.09,177.91,High Sales
1080,,Eve,West,5012.96,35,Furniture,900.97,1321.18,Returning,0.1,Cash,Online,West-Eve,,,,14707.35,293.39,4624.13,Medium Sales
1061,,Alice,North,3867.13,32,Food,2759.26,3193.25,New,0.2,Bank Transfer,Online,North-Alice,,,,13887.68,359.12,20436.8,Medium Sales
1041,2023-08-01,David,East,1714.05,36,Food,864.77,1170.16,Returning,0.11,Cash,Retail,East-David,2023.0,Aug,Tuesday,10994.04,641.41,4633.83,Low Sales
1100,,Bob,East,7883.44,13,Food,366.2,732.69,New,0.04,Cash,Retail,East-Bob,,,,4764.37,60.44,381.0,High Sales
1033,2023-09-11,David,East,7370.99,6,Clothing,1621.07,1687.5,Returning,0.12,Credit Card,Online,East-David,2023.0,Sep,Monday,398.58,5.41,1215.0,High Sales
1068,2023-04-09,Eve,East,3905.11,14,Food,1140.58,1438.76,Returning,0.03,Bank Transfer,Online,East-Eve,2023.0,Apr,Sunday,4174.52,106.9,604.28,Medium Sales
1033,,David,North,349.41,37,Electronics,2600.76,2937.57,New,0.17,Credit Card,Retail,North-David,,,,12461.97,3566.58,18477.32,Low Sales
1014,2023-12-09,Charlie,East,8406.07,48,Furniture,556.72,665.07,Returning,0.01,Bank Transfer,Retail,East-Charlie,2023.0,Dec,Saturday,5200.8,61.87,319.23,High Sales
1021,,Eve,North,213.04,15,Food,3771.27,4212.55,Returning,0.16,Credit Card,Retail,North-Eve,,,,6619.2,3107.02,10110.12,Low Sales
1048,,Bob,West,7066.63,47,Food,4535.86,4641.41,New,0.27,Credit Card,Retail,West-Bob,,,,4960.85,70.2,58899.49,High Sales
1020,2023-06-09,Charlie,East,9705.55,4,Clothing,3730.0,3893.6,New,0.25,Bank Transfer,Retail,East-Charlie,2023.0,Jun,Friday,654.4,6.74,3893.6,High Sales
1008,,David,South,4432.85,40,Clothing,2687.49,3001.56,Returning,0.26,Bank Transfer,Online,South-David,,,,12562.8,283.4,31216.22,Medium Sales
1007,,Eve,East,2426.24,16,Furniture,4310.31,4633.1,New,0.28,Credit Card,Retail,East-Eve,,,,5164.64,212.87,20756.29,Low Sales
1067,2023-08-03,Bob,East,7078.22,28,Electronics,3489.85,3842.55,New,0.03,Bank Transfer,Online,East-Bob,2023.0,Aug,Thursday,9875.6,139.52,3227.74,High Sales
1017,,Charlie,North,8189.57,16,Furniture,102.23,167.12,New,0.04,Credit Card,Retail,North-Charlie,,,,1038.24,12.68,106.96,High Sales
1033,2023-07-04,Bob,East,5509.66,4,Food,2000.75,2426.99,Returning,0.17,Bank Transfer,Online,East-Bob,2023.0,Jul,Tuesday,1704.96,30.94,1650.35,Medium Sales
1048,2023-02-04,David,South,9673.65,45,Electronics,4262.21,4533.31,Returning,0.27,Credit Card,Online,South-David,2023.0,Feb,Saturday,12199.5,126.11,55079.72,High Sales
1076,,Bob,North,611.52,26,Electronics,1762.0,2002.95,Returning,0.29,Credit Card,Retail,North-Bob,,,,6264.7,1024.45,15102.24,Low Sales
1059,,Alice,North,5097.48,28,Electronics,224.32,715.06,Returning,0.01,Credit Card,Online,North-Alice,,,,13740.72,269.56,200.22,Medium Sales
1086,2023-06-04,Charlie,West,7212.69,32,Electronics,3743.59,4116.38,Returning,0.11,Cash,Online,West-Charlie,2023.0,Jun,Sunday,11929.28,165.39,14489.66,High Sales
1022,,Bob,West,8640.14,45,Furniture,4020.09,4087.91,Returning,0.06,Bank Transfer,Online,West-Bob,,,,3051.9,35.32,11037.36,High Sales
1030,,David,East,1874.63,2,Clothing,844.94,1225.64,Returning,0.23,Credit Card,Online,East-David,,,,761.4,40.62,563.79,Low Sales
1038,,David,West,8020.03,31,Clothing,2709.84,2766.51,New,0.19,Cash,Retail,West-David,,,,1756.77,21.9,16294.74,High Sales
1051,,Bob,West,5571.8,3,Food,1000.18,1023.64,Returning,0.04,Credit Card,Online,West-Bob,,,,70.38,1.26,122.84,Medium Sales
1054,,David,West,4025.88,8,Clothing,3610.21,3817.99,Returning,0.15,Cash,Retail,West-David,,,,1662.24,41.29,4581.59,Medium Sales
1008,,Eve,North,1403.98,24,Clothing,1394.17,1891.02,New,0.21,Credit Card,Online,North-Eve,,,,11924.4,849.33,9530.74,Low Sales
1027,2023-01-07,Eve,North,8666.43,15,Clothing,1615.26,1710.95,New,0.23,Credit Card,Retail,North-Eve,2023.0,Jan,Saturday,1435.35,16.56,5902.78,High Sales
1027,2023-11-08,Eve,North,1657.0,43,Clothing,4232.61,4572.21,New,0.01,Cash,Retail,North-Eve,2023.0,Nov,Wednesday,14602.8,881.28,1966.05,Low Sales
1098,2023-07-11,Alice,West,3166.9,31,Food,2407.8,2502.76,Returning,0.27,Cash,Retail,West-Alice,2023.0,Jul,Tuesday,2943.76,92.95,20948.1,Low Sales
1021,2023-07-01,Bob,North,2971.45,9,Furniture,3365.28,3730.43,New,0.17,Bank Transfer,Online,North-Bob,2023.0,Jul,Saturday,3286.35,110.6,5707.56,Low Sales
1030,,Alice,West,8727.0,39,Electronics,2041.75,2299.37,Returning,0.24,Bank Transfer,Retail,West-Alice,,,,10047.18,115.13,21522.1,High Sales
1097,,David,North,6759.76,45,Clothing,1525.13,1868.32,Returning,0.24,Cash,Retail,North-David,,,,15443.55,228.46,20177.86,High Sales
1028,2023-10-06,Alice,North,7987.15,2,Furniture,3146.12,3255.53,Returning,0.06,Bank Transfer,Online,North-Alice,2023.0,Oct,Friday,218.82,2.74,390.66,High Sales
1064,,David,South,2579.63,8,Clothing,816.54,1191.9,New,0.03,Cash,Retail,South-David,,,,3002.88,116.41,286.06,Low Sales
1097,,David,East,6286.25,7,Clothing,1896.35,2394.2,New,0.22,Bank Transfer,Online,East-David,,,,3484.95,55.44,3687.07,Medium Sales
1069,,Charlie,West,5760.29,44,Electronics,1084.73,1420.9,Returning,0.05,Credit Card,Online,West-Charlie,,,,14791.48,256.78,3125.98,Medium Sales
1061,,Eve,South,8345.02,39,Electronics,3494.19,3746.0,Returning,0.25,Bank Transfer,Retail,South-Eve,,,,9820.59,117.68,36523.5,High Sales
1048,2023-05-02,David,North,9070.26,42,Electronics,4723.83,5186.19,Returning,0.22,Credit Card,Online,North-David,2023.0,May,Tuesday,19419.12,214.1,47920.4,High Sales
1019,2023-12-10,Charlie,West,220.35,16,Clothing,4977.78,4995.55,New,0.25,Credit Card,Online,West-Charlie,2023.0,Dec,Sunday,284.32,129.03,19982.2,Low Sales
1004,2023-07-07,Eve,North,6772.8,35,Clothing,2278.87,2646.53,Returning,0.09,Bank Transfer,Online,North-Eve,2023.0,Jul,Friday,12868.1,190.0,8336.57,High Sales
1035,,David,East,613.17,30,Clothing,1300.03,1745.52,New,0.09,Cash,Retail,East-David,,,,13364.7,2179.61,4712.9,Low Sales
1064,2023-02-01,David,South,5533.7,10,Electronics,2242.01,2282.23,Returning,0.2,Credit Card,Online,South-David,2023.0,Feb,Wednesday,402.2,7.27,4564.46,Medium Sales
1049,,Alice,East,2947.56,38,Food,4243.98,4474.509999999999,New,0.01,Credit Card,Online,East-Alice,,,,8760.14,297.2,1700.31,Low Sales
1017,,Alice,South,3137.09,18,Furniture,1069.73,1180.04,Returning,0.22,Bank Transfer,Online,South-Alice,,,,1985.58,63.29,4672.96,Low Sales
1044,2023-11-01,Eve,North,3594.29,5,Food,4762.87,5050.46,New,0.25,Cash,Retail,North-Eve,2023.0,Nov,Wednesday,1437.95,40.01,6313.08,Medium Sales
1092,,David,East,6250.8,29,Clothing,1742.24,2070.52,New,0.12,Cash,Online,East-David,,,,9520.12,152.3,7205.41,Medium Sales
1030,,Bob,East,3407.09,39,Clothing,4929.73,5088.02,New,0.23,Bank Transfer,Retail,East-Bob,,,,6173.31,181.19,45639.54,Medium Sales
1093,,Alice,North,7353.72,34,Food,4201.11,4436.5,New,0.05,Cash,Online,North-Alice,,,,8003.26,108.83,7542.05,High Sales
1046,,Eve,East,4104.82,43,Clothing,4052.42,4199.3,New,0.1,Bank Transfer,Retail,East-Eve,,,,6315.84,153.86,18056.99,Medium Sales
1006,,David,West,776.7,45,Furniture,1623.63,1814.63,New,0.29,Bank Transfer,Retail,West-David,,,,8595.0,1106.6,23680.92,Low Sales
1099,,David,South,7859.22,23,Clothing,93.45,181.62,Returning,0.3,Bank Transfer,Retail,South-David,,,,2027.91,25.8,1253.18,High Sales
1037,,Bob,South,2929.01,5,Furniture,1941.56,2385.48,Returning,0.15,Credit Card,Online,South-Bob,,,,2219.6,75.78,1789.11,Low Sales
1024,2023-10-08,Eve,South,4384.39,30,Food,1543.96,1558.87,Returning,0.28,Credit Card,Online,South-Eve,2023.0,Oct,Sunday,447.3,10.2,13094.51,Medium Sales
1093,,David,West,6885.89,6,Food,235.12,677.5,Returning,0.16,Credit Card,Online,West-David,,,,2654.28,38.55,650.4,High Sales
1046,,Alice,South,3391.32,46,Clothing,2551.56,2841.68,New,0.09,Bank Transfer,Retail,South-Alice,,,,13345.52,393.52,11764.56,Medium Sales
1053,,Bob,North,660.2,44,Furniture,2045.0,2217.51,Returning,0.08,Credit Card,Online,North-Bob,,,,7590.44,1149.72,7805.64,Low Sales
1095,2023-08-12,Eve,East,3801.82,4,Clothing,3191.05,3555.3500000000004,New,0.28,Credit Card,Online,East-Eve,2023.0,Aug,Saturday,1457.2,38.33,3981.99,Medium Sales
1099,,Bob,West,9450.04,29,Electronics,3124.87,3383.67,New,0.05,Credit Card,Retail,West-Bob,,,,7505.2,79.42,4906.32,High Sales
1060,2023-07-10,Alice,South,6453.17,23,Electronics,647.7,902.26,New,0.17,Bank Transfer,Online,South-Alice,2023.0,Jul,Monday,5854.88,90.73,3527.84,Medium Sales
1097,,Eve,North,6747.64,6,Electronics,4885.98,4949.95,Returning,0.17,Bank Transfer,Online,North-Eve,,,,383.82,5.69,5048.95,High Sales
1063,,Bob,East,6359.59,32,Electronics,975.31,1176.17,New,0.22,Bank Transfer,Retail,East-Bob,,,,6427.52,101.07,8280.24,Medium Sales
1085,2023-07-06,Charlie,East,2070.02,42,Clothing,2254.11,2382.23,Returning,0.15,Credit Card,Retail,East-Charlie,2023.0,Jul,Thursday,5381.04,259.95,15008.05,Low Sales
1032,,Alice,West,4241.51,18,Electronics,2466.18,2483.87,Returning,0.08,Cash,Online,West-Alice,,,,318.42,7.51,3576.77,Medium Sales
1087,,Alice,West,7534.3,15,Furniture,4074.66,4261.11,Returning,0.05,Credit Card,Retail,West-Alice,,,,2796.75,37.12,3195.83,High Sales
1033,2023-03-08,Alice,West,1103.59,40,Food,541.19,595.2,Returning,0.19,Credit Card,Online,West-Alice,2023.0,Mar,Wednesday,2160.4,195.76,4523.52,Low Sales
1067,2023-08-05,Charlie,North,2850.74,32,Food,2171.79,2307.64,Returning,0.22,Bank Transfer,Online,North-Charlie,2023.0,Aug,Saturday,4347.2,152.49,16245.79,Low Sales
1018,2023-12-08,Charlie,North,2835.56,9,Electronics,3161.09,3216.42,New,0.17,Bank Transfer,Online,North-Charlie,2023.0,Dec,Friday,497.97,17.56,4921.12,Low Sales
1025,,David,West,4376.99,37,Electronics,1115.02,1174.48,New,0.22,Credit Card,Online,West-David,,,,2200.02,50.26,9560.27,Medium Sales
1095,,Bob,South,9805.65,10,Electronics,3155.97,3263.49,Returning,0.04,Credit Card,Online,South-Bob,,,,1075.2,10.97,1305.4,High Sales
1054,,David,East,768.28,20,Clothing,4622.14,5122.070000000001,New,0.26,Cash,Retail,East-David,,,,9998.6,1301.43,26634.76,Low Sales
1058,,Bob,East,5235.14,6,Food,4987.71,4998.78,Returning,0.17,Cash,Retail,East-Bob,,,,66.42,1.27,5098.76,Medium Sales
1067,2023-09-01,Charlie,North,1875.71,48,Electronics,210.63,533.5799999999999,New,0.04,Bank Transfer,Online,North-Charlie,2023.0,Sep,Friday,15501.6,826.44,1024.47,Low Sales
1046,2023-09-02,Charlie,East,9709.7,3,Furniture,1216.16,1295.37,New,0.14,Cash,Retail,East-Charlie,2023.0,Sep,Saturday,237.63,2.45,544.06,High Sales
1024,,David,South,1221.7,42,Electronics,1586.02,2047.13,New,0.25,Cash,Retail,South-David,,,,19366.62,1585.22,21494.86,Low Sales
1032,2023-08-10,Eve,East,4095.65,11,Food,2025.67,2081.55,New,0.27,Bank Transfer,Online,East-Eve,2023.0,Aug,Thursday,614.68,15.01,6182.2,Medium Sales
1047,,David,North,7405.06,43,Electronics,1249.17,1727.15,New,0.08,Cash,Retail,North-David,,,,20553.14,277.56,5941.4,High Sales
1086,,Bob,North,7075.09,17,Food,1057.27,1366.62,New,0.21,Credit Card,Retail,North-Bob,,,,5258.95,74.33,4878.83,High Sales
1023,2023-03-09,David,South,4285.01,32,Electronics,4775.04,4785.66,New,0.03,Cash,Online,South-David,2023.0,Mar,Thursday,339.84,7.93,4594.23,Medium Sales
1066,2023-05-10,Alice,South,3530.59,4,Furniture,4596.68,5044.740000000001,New,0.01,Bank Transfer,Online,South-Alice,2023.0,May,Wednesday,1792.24,50.76,201.79,Medium Sales
1027,,Bob,East,4036.36,4,Electronics,282.61,548.25,New,0.17,Credit Card,Online,East-Bob,,,,1062.56,26.32,372.81,Medium Sales
1002,2023-04-01,Bob,East,2716.34,17,Furniture,1727.12,1865.83,New,0.21,Cash,Online,East-Bob,2023.0,Apr,Saturday,2358.07,86.81,6661.01,Low Sales
1090,2023-03-06,Eve,North,2132.8,41,Furniture,2055.49,2441.46,New,0.24,Credit Card,Online,North-Eve,2023.0,Mar,Monday,15824.77,741.97,24023.97,Low Sales
1017,,Charlie,South,4882.09,19,Electronics,1233.12,1697.1899999999998,New,0.1,Credit Card,Online,South-Charlie,,,,8817.33,180.61,3224.66,Medium Sales
1033,,Bob,South,2758.48,5,Furniture,3162.92,3409.9300000000003,New,0.0,Cash,Online,South-Bob,,,,1235.05,44.77,0.0,Low Sales
1009,2023-08-04,Charlie,South,2945.87,32,Clothing,3219.88,3384.5,Returning,0.14,Cash,Retail,South-Charlie,2023.0,Aug,Friday,5267.84,178.82,15162.56,Low Sales
1043,2023-03-08,David,East,6601.89,22,Electronics,4260.0,4656.58,New,0.0,Bank Transfer,Online,East-David,2023.0,Mar,Wednesday,8724.76,132.16,0.0,Medium Sales
1048,,Alice,South,9688.52,6,Electronics,3717.3,4061.37,New,0.03,Bank Transfer,Retail,South-Alice,,,,2064.42,21.31,731.05,High Sales
1039,,Eve,North,6076.01,35,Furniture,2735.74,3181.23,New,0.1,Credit Card,Retail,North-Eve,,,,15592.15,256.62,11134.3,Medium Sales
1093,,Charlie,North,862.1,22,Furniture,3285.25,3634.58,New,0.13,Bank Transfer,Online,North-Charlie,,,,7685.26,891.46,10394.9,Low Sales
1042,,Bob,East,848.28,1,Electronics,1406.24,1535.57,New,0.08,Credit Card,Retail,East-Bob,,,,129.33,15.25,122.85,Low Sales
1026,2023-08-05,Charlie,West,9519.09,20,Clothing,2985.63,3452.1400000000003,New,0.17,Credit Card,Retail,West-Charlie,2023.0,Aug,Saturday,9330.2,98.02,11737.28,High Sales
1099,2023-07-12,Bob,East,3043.18,22,Furniture,2471.67,2533.04,Returning,0.02,Bank Transfer,Retail,East-Bob,2023.0,Jul,Wednesday,1350.14,44.37,1114.54,Low Sales
1050,2023-11-02,Charlie,West,1011.46,48,Furniture,710.06,851.3499999999999,Returning,0.04,Bank Transfer,Online,West-Charlie,2023.0,Nov,Thursday,6781.92,670.51,1634.59,Low Sales
1025,,Bob,South,6030.54,11,Food,1250.59,1515.4899999999998,Returning,0.21,Bank Transfer,Retail,South-Bob,,,,2913.9,48.32,3500.78,Medium Sales
1024,2023-10-02,David,East,6274.12,13,Clothing,1493.88,1781.09,New,0.04,Cash,Retail,East-David,2023.0,Oct,Monday,3733.73,59.51,926.17,Medium Sales
1013,2023-03-02,Bob,North,6520.2,42,Clothing,4625.33,4642.83,New,0.19,Credit Card,Online,North-Bob,2023.0,Mar,Thursday,735.0,11.27,37049.78,Medium Sales
1060,,Bob,South,2747.28,3,Electronics,1190.41,1582.89,New,0.02,Credit Card,Retail,South-Bob,,,,1177.44,42.86,94.97,Low Sales
1007,,Alice,North,249.6,9,Clothing,1481.76,1668.95,Returning,0.12,Credit Card,Retail,North-Alice,,,,1684.71,674.96,1802.47,Low Sales
1057,2023-02-06,Bob,South,9653.65,12,Electronics,1878.3,2087.45,New,0.05,Bank Transfer,Retail,South-Bob,2023.0,Feb,Monday,2509.8,26.0,1252.47,High Sales
1036,,Alice,East,2583.84,23,Food,3335.53,3742.12,New,0.03,Bank Transfer,Retail,East-Alice,,,,9351.57,361.93,2582.06,Low Sales
1045,,Eve,West,6792.66,14,Clothing,635.28,831.13,Returning,0.17,Bank Transfer,Retail,West-Eve,,,,2741.9,40.37,1978.09,High Sales
1020,,Alice,South,7095.64,33,Furniture,4772.03,4805.17,Returning,0.28,Bank Transfer,Online,South-Alice,,,,1093.62,15.41,44399.77,High Sales
1065,,David,West,6139.07,18,Food,4334.58,4431.04,New,0.02,Bank Transfer,Retail,West-David,,,,1736.28,28.28,1595.17,Medium Sales
1008,2023-08-12,Alice,South,3197.78,49,Electronics,2907.22,3385.61,New,0.13,Cash,Online,South-Alice,2023.0,Aug,Saturday,23441.11,733.04,21566.34,Low Sales
1016,,Eve,North,2783.85,41,Food,3386.49,3430.99,New,0.21,Bank Transfer,Retail,North-Eve,,,,1824.5,65.54,29540.82,Low Sales
1014,2023-09-11,David,North,6016.92,9,Electronics,132.47,316.39,New,0.14,Credit Card,Online,North-David,2023.0,Sep,Monday,1655.28,27.51,398.65,Medium Sales
1076,,Charlie,South,8674.35,23,Food,1727.78,1984.34,Returning,0.24,Bank Transfer,Online,South-Charlie,,,,5900.88,68.03,10953.56,High Sales
1087,,Charlie,West,9472.66,10,Electronics,3988.52,4240.23,New,0.05,Credit Card,Online,West-Charlie,,,,2517.1,26.57,2120.11,High Sales
1015,2023-07-08,Alice,East,1148.47,19,Clothing,433.54,445.48,New,0.29,Bank Transfer,Retail,East-Alice,2023.0,Jul,Saturday,226.86,19.75,2454.59,Low Sales
1092,,Alice,East,1632.8,47,Furniture,1447.45,1703.02,Returning,0.12,Bank Transfer,Retail,East-Alice,,,,12011.79,735.66,9605.03,Low Sales
1098,2023-08-04,Eve,North,9452.89,5,Electronics,2947.22,3145.27,New,0.1,Credit Card,Retail,North-Eve,2023.0,Aug,Friday,990.25,10.48,1572.64,High Sales
1066,,Eve,East,7391.7,47,Food,1319.24,1805.56,New,0.26,Credit Card,Retail,East-Eve,,,,22857.04,309.23,22063.94,High Sales
1032,,Bob,North,8841.64,23,Electronics,4673.19,4761.179999999999,Returning,0.17,Credit Card,Retail,North-Bob,,,,2023.77,22.89,18616.21,High Sales
1087,2023-05-11,Eve,East,2106.06,30,Electronics,698.74,882.28,Returning,0.15,Credit Card,Online,East-Eve,2023.0,May,Thursday,5506.2,261.45,3970.26,Low Sales
1063,,Bob,South,5917.1,25,Electronics,3997.1,4212.65,New,0.22,Cash,Online,South-Bob,,,,5388.75,91.07,23169.57,Medium Sales
1086,2023-09-07,David,North,7041.28,28,Food,2564.35,2765.79,Returning,0.17,Credit Card,Online,North-David,2023.0,Sep,Thursday,5640.32,80.1,13165.16,High Sales
1051,2023-02-05,Alice,North,6833.11,34,Furniture,3764.14,4100.4,Returning,0.05,Bank Transfer,Retail,North-Alice,2023.0,Feb,Sunday,11432.84,167.32,6970.68,High Sales
1025,,David,South,4140.7,45,Clothing,1588.04,1703.64,New,0.2,Bank Transfer,Retail,South-David,,,,5202.0,125.63,15332.76,Medium Sales
1058,2023-05-03,Eve,North,252.41,48,Furniture,2596.72,2715.05,Returning,0.04,Cash,Online,North-Eve,2023.0,May,Wednesday,5679.84,2250.24,5212.9,Low Sales
1063,2023-10-05,David,East,5870.97,47,Electronics,4291.33,4658.64,New,0.24,Credit Card,Retail,East-David,2023.0,Oct,Thursday,17263.57,294.05,52549.46,Medium Sales
1062,2023-06-11,David,East,2605.71,25,Food,2361.05,2616.19,New,0.3,Bank Transfer,Retail,East-David,2023.0,Jun,Sunday,6378.5,244.79,19621.42,Low Sales
1022,,David,North,4557.52,10,Furniture,1830.61,2044.04,New,0.11,Cash,Online,North-David,,,,2134.3,46.83,2248.44,Medium Sales
1058,2023-12-07,Eve,East,9580.05,14,Electronics,2703.97,2796.88,New,0.13,Bank Transfer,Online,East-Eve,2023.0,Dec,Thursday,1300.74,13.58,5090.32,High Sales
1058,2023-03-11,David,West,4050.45,42,Clothing,3600.95,3702.84,Returning,0.01,Cash,Retail,West-David,2023.0,Mar,Saturday,4279.38,105.65,1555.19,Medium Sales
1086,,Bob,North,8414.04,46,Clothing,2245.64,2260.81,New,0.0,Cash,Retail,North-Bob,,,,697.82,8.29,0.0,High Sales
1049,,Eve,South,1966.55,30,Clothing,4697.44,4752.24,New,0.28,Credit Card,Online,South-Eve,,,,1644.0,83.6,39918.82,Low Sales
1052,2023-09-10,David,West,6757.36,41,Electronics,1509.98,1792.83,New,0.04,Cash,Retail,West-David,2023.0,Sep,Sunday,11596.85,171.62,2940.24,High Sales
1042,,Eve,North,9772.37,25,Food,2403.54,2850.56,New,0.13,Bank Transfer,Online,North-Eve,,,,11175.5,114.36,9264.32,High Sales
1070,,Charlie,South,1108.74,14,Furniture,3796.79,3947.5,Returning,0.24,Bank Transfer,Online,South-Charlie,,,,2109.94,190.3,13263.6,Low Sales
1015,,Bob,East,182.37,35,Clothing,3461.15,3631.75,Returning,0.27,Credit Card,Online,East-Bob,,,,5971.0,3274.11,34320.04,Low Sales
1054,,David,South,4392.47,48,Electronics,4325.02,4391.67,Returning,0.16,Credit Card,Retail,South-David,,,,3199.2,72.83,33728.03,Medium Sales
1060,2023-11-01,Charlie,West,1016.99,34,Electronics,4984.21,5184.64,New,0.17,Cash,Online,West-Charlie,2023.0,Nov,Wednesday,6814.62,670.08,29967.22,Low Sales
1097,,Charlie,East,7509.01,10,Furniture,2162.95,2191.19,Returning,0.2,Credit Card,Online,East-Charlie,,,,282.4,3.76,4382.38,High Sales
1008,,Eve,North,9154.03,35,Clothing,600.2,1059.8200000000002,Returning,0.29,Bank Transfer,Retail,North-Eve,,,,16086.7,175.73,10757.17,High Sales
1053,2023-06-07,Charlie,East,4396.81,11,Electronics,200.56,540.38,New,0.18,Bank Transfer,Online,East-Charlie,2023.0,Jun,Wednesday,3738.02,85.02,1069.95,Medium Sales
1060,,Bob,North,2661.25,11,Furniture,3648.04,4143.51,Returning,0.17,Credit Card,Retail,North-Bob,,,,5450.17,204.8,7748.36,Low Sales
1005,,Bob,North,4400.59,21,Food,4376.37,4818.95,New,0.0,Credit Card,Retail,North-Bob,,,,9294.18,211.2,0.0,Medium Sales
1068,,Alice,South,7262.13,21,Food,1142.53,1384.3,Returning,0.02,Credit Card,Retail,South-Alice,,,,5077.17,69.91,581.41,High Sales
1006,2023-06-11,Bob,South,189.64,22,Food,834.32,1098.97,Returning,0.17,Cash,Online,South-Bob,2023.0,Jun,Sunday,5822.3,3070.19,4110.15,Low Sales
1096,2023-08-04,Charlie,South,5935.59,45,Clothing,357.92,461.3,Returning,0.28,Cash,Online,South-Charlie,2023.0,Aug,Friday,4652.1,78.38,5812.38,Medium Sales
1094,,Bob,West,6171.59,7,Furniture,4122.38,4358.78,Returning,0.26,Bank Transfer,Retail,West-Bob,,,,1654.8,26.81,7932.98,Medium Sales
1047,,Eve,West,6413.11,17,Furniture,1591.34,2043.82,New,0.29,Cash,Retail,West-Eve,,,,7692.16,119.94,10076.03,Medium Sales
1099,2023-01-06,Alice,South,2496.02,2,Electronics,2038.4,2073.32,New,0.16,Cash,Retail,South-Alice,2023.0,Jan,Friday,69.84,2.8,663.46,Low Sales
1055,2023-03-09,Charlie,West,7169.12,12,Electronics,2538.61,2971.75,Returning,0.24,Cash,Online,West-Charlie,2023.0,Mar,Thursday,5197.68,72.5,8558.64,High Sales
1040,2023-10-03,Alice,East,1004.78,42,Electronics,4205.29,4382.35,New,0.25,Cash,Retail,East-Alice,2023.0,Oct,Tuesday,7436.52,740.11,46014.68,Low Sales
1052,2023-08-11,Charlie,East,2072.78,18,Furniture,3271.62,3722.38,Returning,0.19,Bank Transfer,Retail,East-Charlie,2023.0,Aug,Friday,8113.68,391.44,12730.54,Low Sales
1016,,Eve,West,8786.95,11,Electronics,3094.57,3565.6000000000004,Returning,0.1,Credit Card,Retail,West-Eve,,,,5181.33,58.97,3922.16,High Sales
1013,2023-07-09,Alice,West,7413.36,16,Furniture,919.58,1258.3000000000002,Returning,0.14,Bank Transfer,Online,West-Alice,2023.0,Jul,Sunday,5419.52,73.1,2818.59,High Sales
1030,2023-05-02,David,East,236.08,49,Furniture,2590.29,2925.86,Returning,0.26,Cash,Retail,East-David,2023.0,May,Tuesday,16442.93,6964.98,37275.46,Low Sales
1019,,Charlie,North,2558.92,18,Food,3591.14,3822.99,Returning,0.09,Credit Card,Online,North-Charlie,,,,4173.3,163.09,6193.24,Low Sales
1017,,David,East,2222.62,35,Electronics,4867.64,5287.05,Returning,0.28,Credit Card,Online,East-David,,,,14679.35,660.45,51813.09,Low Sales
1063,,Alice,East,2780.98,26,Food,1046.96,1528.15,New,0.07,Credit Card,Retail,East-Alice,,,,12510.94,449.88,2781.23,Low Sales
1019,2023-01-09,David,West,2550.84,16,Clothing,97.24,487.03,New,0.22,Bank Transfer,Retail,West-David,2023.0,Jan,Monday,6236.64,244.49,1714.35,Low Sales
1092,2023-03-12,David,East,719.01,6,Clothing,422.74,737.49,Returning,0.19,Credit Card,Retail,East-David,2023.0,Mar,Sunday,1888.5,262.65,840.74,Low Sales
1058,,Alice,West,4643.51,44,Clothing,1910.47,2217.8,New,0.22,Bank Transfer,Online,West-Alice,,,,13522.52,291.21,21468.3,Medium Sales
1055,,Eve,West,7354.06,43,Furniture,4111.7,4537.94,Returning,0.13,Bank Transfer,Online,West-Eve,,,,18328.32,249.23,25367.08,High Sales
1090,2023-03-06,David,South,6106.64,47,Furniture,85.35,360.54,New,0.28,Cash,Online,South-David,2023.0,Mar,Monday,12933.93,211.8,4744.71,Medium Sales
1090,,David,East,6761.43,47,Furniture,2310.82,2714.71,New,0.19,Cash,Retail,East-David,,,,18982.83,280.75,24242.36,High Sales
1062,,Eve,North,903.38,48,Electronics,1679.69,1939.04,New,0.09,Credit Card,Online,North-Eve,,,,12448.8,1378.02,8376.65,Low Sales
1023,,David,South,9519.76,42,Food,309.78,350.38,Returning,0.19,Credit Card,Retail,South-David,,,,1705.2,17.91,2796.03,High Sales
1009,,David,West,8401.07,12,Furniture,2278.67,2476.8,New,0.09,Cash,Retail,West-David,,,,2377.56,28.3,2674.94,High Sales
1012,2023-09-05,David,West,8070.39,13,Food,1311.01,1538.79,Returning,0.09,Bank Transfer,Retail,West-David,2023.0,Sep,Tuesday,2961.14,36.69,1800.38,High Sales
1001,2023-05-08,Bob,North,8247.54,4,Food,1791.83,1871.22,Returning,0.12,Bank Transfer,Online,North-Bob,2023.0,May,Monday,317.56,3.85,898.19,High Sales
1058,2023-02-03,Eve,West,9333.83,39,Food,3542.8,3603.02,Returning,0.26,Cash,Online,West-Eve,2023.0,Feb,Friday,2348.58,25.16,36534.62,High Sales
1001,,David,East,5488.11,2,Electronics,2631.68,2904.06,New,0.15,Bank Transfer,Online,East-David,,,,544.76,9.93,871.22,Medium Sales
1034,2023-11-02,Eve,South,2082.79,26,Electronics,667.0,718.72,New,0.2,Cash,Retail,South-Eve,2023.0,Nov,Thursday,1344.72,64.56,3737.34,Low Sales
1096,,Charlie,West,6206.16,27,Clothing,4809.0,4967.44,New,0.12,Cash,Online,West-Charlie,,,,4277.88,68.93,16094.51,Medium Sales
1048,2023-08-02,Charlie,West,7454.53,27,Clothing,3197.76,3572.61,Returning,0.08,Credit Card,Online,West-Charlie,2023.0,Aug,Wednesday,10120.95,135.77,7716.84,High Sales
1089,,David,North,7405.38,15,Food,3841.05,4323.62,Returning,0.29,Credit Card,Retail,North-David,,,,7238.55,97.75,18807.75,High Sales
1001,2023-11-05,Eve,East,5262.35,8,Clothing,442.11,803.87,New,0.18,Cash,Retail,East-Eve,2023.0,Nov,Sunday,2894.08,55.0,1157.57,Medium Sales
1016,,Eve,West,777.74,7,Food,282.94,779.3299999999999,Returning,0.28,Credit Card,Online,West-Eve,,,,3474.73,446.77,1527.49,Low Sales
1061,,Eve,North,3774.02,47,Electronics,146.27,498.46,New,0.06,Cash,Retail,North-Eve,,,,16552.93,438.6,1405.66,Medium Sales
1064,,Bob,West,9215.59,46,Electronics,984.53,1138.49,New,0.04,Bank Transfer,Online,West-Bob,,,,7082.16,76.85,2094.82,High Sales
1063,2023-12-04,Charlie,North,5886.04,40,Electronics,2101.32,2440.63,New,0.26,Bank Transfer,Retail,North-Charlie,2023.0,Dec,Monday,13572.4,230.59,25382.55,Medium Sales
1069,,Eve,North,5429.49,12,Furniture,4682.34,5036.400000000001,New,0.2,Bank Transfer,Retail,North-Eve,,,,4248.72,78.25,12087.36,Medium Sales
1022,2023-12-01,Eve,East,2761.65,13,Food,2312.45,2504.6,Returning,0.06,Bank Transfer,Online,East-Eve,2023.0,Dec,Friday,2497.95,90.45,1953.59,Low Sales
1093,2023-02-10,Bob,West,3747.64,43,Electronics,1486.76,1505.44,New,0.08,Cash,Retail,West-Bob,2023.0,Feb,Friday,803.24,21.43,5178.71,Medium Sales
1067,2023-11-04,Bob,East,8963.93,17,Food,2831.58,3186.15,New,0.24,Bank Transfer,Retail,East-Bob,2023.0,Nov,Saturday,6027.69,67.24,12999.49,High Sales
1076,,Eve,North,6697.98,17,Clothing,604.08,624.71,New,0.14,Bank Transfer,Retail,North-Eve,,,,350.71,5.24,1486.81,Medium Sales
1026,2023-01-11,Alice,South,7895.13,36,Clothing,3067.05,3386.33,New,0.2,Bank Transfer,Online,South-Alice,2023.0,Jan,Wednesday,11494.08,145.58,24381.58,High Sales
1016,,Eve,West,4598.02,21,Electronics,2863.74,2953.91,New,0.1,Bank Transfer,Retail,West-Eve,,,,1893.57,41.18,6203.21,Medium Sales
1051,,Eve,South,6339.45,8,Food,3970.37,4257.52,New,0.11,Cash,Retail,South-Eve,,,,2297.2,36.24,3746.62,Medium Sales
1086,,Bob,West,2559.0,5,Electronics,4934.1,5191.02,New,0.3,Bank Transfer,Online,West-Bob,,,,1284.6,50.2,7786.53,Low Sales
1057,2023-07-11,Bob,East,7084.06,26,Clothing,1291.82,1308.4399999999998,Returning,0.07,Credit Card,Online,East-Bob,2023.0,Jul,Tuesday,432.12,6.1,2381.36,High Sales
1029,,Eve,East,4333.25,16,Electronics,2572.8,2760.6000000000004,Returning,0.15,Credit Card,Retail,East-Eve,,,,3004.8,69.34,6625.44,Medium Sales
1078,2023-12-01,Eve,East,4481.2,36,Food,4548.88,4853.41,Returning,0.25,Credit Card,Retail,East-Eve,2023.0,Dec,Friday,10963.08,244.65,43680.69,Medium Sales
1092,,Eve,East,6528.29,28,Clothing,3936.69,4362.51,Returning,0.07,Credit Card,Retail,East-Eve,,,,11922.96,182.64,8550.52,Medium Sales
1069,,Bob,East,9369.18,29,Furniture,2462.66,2908.09,New,0.12,Credit Card,Online,East-Bob,,,,12917.47,137.87,10120.15,High Sales
1047,2023-04-08,Eve,South,733.66,47,Clothing,4729.59,4976.68,Returning,0.18,Credit Card,Retail,South-Eve,2023.0,Apr,Saturday,11613.23,1582.92,42102.71,Low Sales
1094,2023-05-12,Eve,East,8264.96,12,Furniture,333.32,700.25,Returning,0.14,Cash,Online,East-Eve,2023.0,May,Friday,4403.16,53.28,1176.42,High Sales
1062,,David,North,2994.59,37,Electronics,4658.44,4823.5,Returning,0.14,Credit Card,Online,North-David,,,,6107.22,203.94,24985.73,Low Sales
1069,,Alice,North,4494.8,30,Electronics,300.01,477.68,New,0.11,Bank Transfer,Retail,North-Alice,,,,5330.1,118.58,1576.34,Medium Sales
1076,,Charlie,South,316.94,23,Food,2759.16,2864.45,Returning,0.18,Credit Card,Retail,South-Charlie,,,,2421.67,764.08,11858.82,Low Sales
1016,2023-03-08,Alice,West,3080.36,16,Furniture,4457.68,4743.030000000001,Returning,0.19,Cash,Online,West-Alice,2023.0,Mar,Wednesday,4565.6,148.22,14418.81,Low Sales
1090,,David,North,5076.05,14,Electronics,1350.47,1514.61,New,0.2,Credit Card,Retail,North-David,,,,2297.96,45.27,4240.91,Medium Sales
1090,,Charlie,West,656.14,10,Furniture,2387.63,2438.9700000000003,Returning,0.02,Bank Transfer,Retail,West-Charlie,,,,513.4,78.25,487.79,Low Sales
1048,,Eve,South,4961.85,7,Electronics,1655.43,2001.08,New,0.19,Bank Transfer,Online,South-Eve,,,,2419.55,48.76,2661.44,Medium Sales
1085,,David,West,9278.4,45,Clothing,4763.11,5119.91,Returning,0.29,Cash,Retail,West-David,,,,16056.0,173.05,66814.83,High Sales
1039,,Eve,West,1143.39,37,Electronics,4127.05,4313.45,New,0.16,Cash,Online,West-Eve,,,,6896.8,603.19,25535.62,Low Sales
1100,,Bob,West,7667.96,29,Food,3559.56,3607.15,Returning,0.21,Cash,Retail,West-Bob,,,,1380.11,18.0,21967.54,High Sales
1033,,David,West,4155.74,3,Clothing,2958.75,3177.64,Returning,0.17,Cash,Online,West-David,,,,656.67,15.8,1620.6,Medium Sales
1094,,Bob,South,6586.22,15,Food,4111.93,4338.67,Returning,0.26,Credit Card,Online,South-Bob,,,,3401.1,51.64,16920.81,Medium Sales
1023,,David,North,2676.34,36,Clothing,1991.72,2329.37,New,0.28,Credit Card,Retail,North-David,,,,12155.4,454.18,23480.05,Low Sales
1010,,David,East,1678.97,47,Furniture,2265.38,2429.9300000000003,Returning,0.06,Bank Transfer,Online,East-David,,,,7733.85,460.63,6852.4,Low Sales
1069,,Bob,West,1688.58,46,Food,3663.51,4007.980000000001,New,0.13,Cash,Online,West-Bob,,,,15845.62,938.4,23967.72,Low Sales
1100,,Charlie,North,797.87,19,Electronics,1820.89,2257.92,New,0.12,Cash,Retail,North-Charlie,,,,8303.57,1040.72,5148.06,Low Sales
1034,,Alice,North,1937.9,13,Furniture,366.31,492.68,New,0.12,Credit Card,Retail,North-Alice,,,,1642.81,84.77,768.58,Low Sales
1052,,Eve,South,6675.77,42,Electronics,417.96,907.63,New,0.04,Cash,Retail,South-Eve,,,,20566.14,308.07,1524.82,Medium Sales
1095,2023-09-10,David,North,8828.74,21,Clothing,621.05,820.3699999999999,Returning,0.24,Bank Transfer,Online,North-David,2023.0,Sep,Sunday,4185.72,47.41,4134.66,High Sales
1010,,Eve,South,8159.84,37,Clothing,4354.92,4495.88,Returning,0.01,Bank Transfer,Online,South-Eve,,,,5215.52,63.92,1663.48,High Sales
1019,2023-07-09,Bob,West,6882.83,27,Electronics,2387.52,2604.06,Returning,0.16,Cash,Online,West-Bob,2023.0,Jul,Sunday,5846.58,84.94,11249.54,High Sales
1058,,Eve,West,1193.28,29,Electronics,3578.77,3635.02,New,0.2,Bank Transfer,Retail,West-Eve,,,,1631.25,136.7,21083.12,Low Sales
1096,2023-01-12,Bob,East,2962.96,20,Furniture,1994.9,2066.5,Returning,0.06,Bank Transfer,Online,East-Bob,2023.0,Jan,Thursday,1432.0,48.33,2479.8,Low Sales
1001,,Eve,East,3167.09,25,Electronics,1330.62,1543.6899999999998,New,0.27,Credit Card,Online,East-Eve,,,,5326.75,168.19,10419.91,Low Sales
1069,2023-07-01,Alice,East,2574.57,6,Food,1768.6,2152.2,New,0.25,Bank Transfer,Retail,East-Alice,2023.0,Jul,Saturday,2301.6,89.4,3228.3,Low Sales
1004,,Alice,North,5198.56,36,Food,3981.2,4432.349999999999,New,0.14,Cash,Online,North-Alice,,,,16241.4,312.42,22339.04,Medium Sales
1016,,Alice,West,5401.98,2,Electronics,3144.82,3480.58,Returning,0.12,Cash,Retail,West-Alice,,,,671.52,12.43,835.34,Medium Sales
1024,,Alice,South,3633.17,22,Food,4691.32,4752.88,Returning,0.07,Bank Transfer,Retail,South-Alice,,,,1354.32,37.28,7319.44,Medium Sales
1080,2023-11-11,Alice,East,3602.51,32,Electronics,3414.54,3753.83,New,0.22,Cash,Retail,East-Alice,2023.0,Nov,Saturday,10857.28,301.38,26426.96,Medium Sales
1002,2023-03-08,Alice,South,8302.7,16,Furniture,2872.4,3193.76,Returning,0.04,Credit Card,Online,South-Alice,2023.0,Mar,Wednesday,5141.76,61.93,2044.01,High Sales
1092,,Bob,South,7914.0,18,Food,3070.47,3475.29,Returning,0.2,Bank Transfer,Online,South-Bob,,,,7286.76,92.07,12511.04,High Sales
1032,2023-11-08,David,East,3147.18,5,Food,4714.74,5129.11,New,0.25,Bank Transfer,Online,East-David,2023.0,Nov,Wednesday,2071.85,65.83,6411.39,Low Sales
1091,,Eve,West,9146.51,36,Electronics,3951.59,4387.01,New,0.07,Bank Transfer,Retail,West-Eve,,,,15675.12,171.38,11055.27,High Sales
1084,,Alice,East,9532.87,30,Food,169.0,381.92,Returning,0.26,Cash,Retail,East-Alice,,,,6387.6,67.01,2978.98,High Sales
1024,,Bob,South,3334.75,45,Clothing,2693.99,3045.94,New,0.01,Cash,Retail,South-Bob,,,,15837.75,474.93,1370.67,Medium Sales
1012,2023-08-06,Bob,East,3608.81,19,Furniture,3457.28,3598.7200000000003,New,0.27,Bank Transfer,Online,East-Bob,2023.0,Aug,Sunday,2687.36,74.47,18461.43,Medium Sales
1050,2023-01-06,Bob,South,5105.78,23,Furniture,3756.06,4255.73,Returning,0.04,Cash,Online,South-Bob,2023.0,Jan,Friday,11492.41,225.09,3915.27,Medium Sales
1035,,David,South,9417.1,34,Food,1105.05,1200.96,Returning,0.19,Cash,Online,South-David,,,,3260.94,34.63,7758.2,High Sales
1033,2023-07-07,Eve,East,8775.56,13,Food,4342.53,4357.49,New,0.08,Bank Transfer,Online,East-Eve,2023.0,Jul,Friday,194.48,2.22,4531.79,High Sales
1033,,David,North,1115.42,43,Clothing,4781.42,4864.34,Returning,0.25,Bank Transfer,Online,North-David,,,,3565.56,319.66,52291.66,Low Sales
1061,2023-08-04,Charlie,East,3988.03,29,Clothing,1221.74,1611.92,New,0.15,Cash,Retail,East-Charlie,2023.0,Aug,Friday,11315.22,283.73,7011.85,Medium Sales
1051,2023-11-05,Bob,North,5578.37,36,Food,4418.95,4647.87,New,0.04,Bank Transfer,Online,North-Bob,2023.0,Nov,Sunday,8241.12,147.73,6692.93,Medium Sales
1043,,Charlie,South,5081.01,22,Food,530.04,759.3199999999999,Returning,0.17,Bank Transfer,Retail,South-Charlie,,,,5044.16,99.27,2839.86,Medium Sales
1012,,Alice,South,2019.24,47,Clothing,325.75,803.71,New,0.12,Bank Transfer,Retail,South-Alice,,,,22464.12,1112.5,4532.92,Low Sales
1067,2023-02-07,Alice,North,8602.29,36,Electronics,689.66,1150.28,New,0.2,Bank Transfer,Online,North-Alice,2023.0,Feb,Tuesday,16582.32,192.77,8282.02,High Sales
1065,,David,South,6801.71,9,Clothing,335.82,498.31,New,0.26,Cash,Retail,South-David,,,,1462.41,21.5,1166.05,High Sales
1033,2023-08-02,Eve,North,8395.29,39,Electronics,4232.81,4345.25,Returning,0.12,Bank Transfer,Online,North-Eve,2023.0,Aug,Wednesday,4385.16,52.23,20335.77,High Sales
1040,,Charlie,North,8601.77,19,Furniture,342.3,768.06,Returning,0.09,Credit Card,Online,North-Charlie,,,,8089.44,94.04,1313.38,High Sales
1074,2023-04-01,Eve,South,7508.72,38,Furniture,1394.74,1848.69,Returning,0.0,Bank Transfer,Retail,South-Eve,2023.0,Apr,Saturday,17250.1,229.73,0.0,High Sales
1043,,David,West,4448.18,6,Clothing,563.59,838.97,New,0.17,Credit Card,Online,West-David,,,,1652.28,37.15,855.75,Medium Sales
1044,,Alice,North,6144.41,47,Electronics,1512.34,1830.76,New,0.12,Bank Transfer,Online,North-Alice,,,,14965.74,243.57,10325.49,Medium Sales
1029,2023-10-06,Eve,East,1687.62,15,Clothing,498.27,634.16,Returning,0.11,Credit Card,Retail,East-Eve,2023.0,Oct,Friday,2038.35,120.78,1046.36,Low Sales
1013,,Eve,East,6769.09,20,Clothing,3356.62,3759.01,Returning,0.05,Credit Card,Retail,East-Eve,,,,8047.8,118.89,3759.01,High Sales
1012,,Alice,South,1874.61,9,Electronics,709.97,1029.71,Returning,0.13,Bank Transfer,Retail,South-Alice,,,,2877.66,153.51,1204.76,Low Sales
1095,2023-07-11,Charlie,West,6970.1,32,Clothing,4266.64,4523.360000000001,New,0.3,Bank Transfer,Retail,West-Charlie,2023.0,Jul,Tuesday,8215.04,117.86,43424.26,High Sales
1046,,Alice,South,2373.02,4,Furniture,4095.1,4134.55,Returning,0.09,Bank Transfer,Retail,South-Alice,,,,157.8,6.65,1488.44,Low Sales
1002,,Eve,West,1263.76,18,Food,117.63,576.44,New,0.18,Credit Card,Retail,West-Eve,,,,8258.58,653.49,1867.67,Low Sales
1035,2023-03-02,Charlie,North,1736.32,5,Food,4483.85,4795.42,Returning,0.23,Cash,Online,North-Charlie,2023.0,Mar,Thursday,1557.85,89.72,5514.73,Low Sales
1087,2023-08-09,Charlie,North,119.72,20,Clothing,193.27,297.69,New,0.22,Cash,Online,North-Charlie,2023.0,Aug,Wednesday,2088.4,1744.4,1309.84,Low Sales
1081,2023-04-09,Alice,North,7215.52,23,Electronics,1236.25,1543.38,New,0.1,Bank Transfer,Online,North-Alice,2023.0,Apr,Sunday,7063.99,97.9,3549.77,High Sales
1090,,Eve,North,7350.77,11,Electronics,210.33,552.29,Returning,0.18,Cash,Retail,North-Eve,,,,3761.56,51.17,1093.53,High Sales
1008,,David,East,5197.84,37,Furniture,1712.43,1980.06,New,0.26,Cash,Online,East-David,,,,9902.31,190.51,19048.18,Medium Sales
1093,2023-01-10,Eve,East,1697.49,22,Electronics,2593.64,2955.51,Returning,0.0,Bank Transfer,Retail,East-Eve,2023.0,Jan,Tuesday,7961.14,468.99,0.0,Low Sales
1026,2023-06-04,Bob,South,927.19,4,Electronics,3993.39,4288.3,New,0.13,Credit Card,Online,South-Bob,2023.0,Jun,Sunday,1179.64,127.23,2229.92,Low Sales
1074,,David,West,289.38,29,Furniture,1723.01,2197.42,New,0.07,Bank Transfer,Retail,West-David,,,,13757.89,4754.26,4460.76,Low Sales
1090,2023-08-02,Charlie,North,1740.91,44,Clothing,3542.18,3578.49,Returning,0.12,Cash,Online,North-Charlie,2023.0,Aug,Wednesday,1597.64,91.77,18894.43,Low Sales
1034,,David,North,8919.47,34,Food,978.15,1040.21,New,0.12,Credit Card,Retail,North-David,,,,2110.04,23.66,4244.06,High Sales
1007,,Charlie,West,2491.21,13,Furniture,3765.46,3860.56,Returning,0.22,Cash,Retail,West-Charlie,,,,1236.3,49.63,11041.2,Low Sales
1068,,Charlie,West,3607.29,42,Clothing,1218.18,1566.36,Returning,0.03,Credit Card,Retail,West-Charlie,,,,14623.56,405.39,1973.61,Medium Sales
1058,2023-02-09,David,South,1142.92,9,Furniture,760.55,1086.89,Returning,0.15,Cash,Retail,South-David,2023.0,Feb,Thursday,2937.06,256.98,1467.3,Low Sales
1075,,Charlie,West,2301.38,42,Clothing,967.77,1414.88,New,0.17,Bank Transfer,Online,West-Charlie,,,,18778.62,815.97,10102.24,Low Sales
1029,2023-04-07,Charlie,North,5240.32,31,Furniture,951.21,1320.3200000000002,New,0.15,Cash,Online,North-Charlie,2023.0,Apr,Friday,11442.41,218.35,6139.49,Medium Sales
1036,,Bob,North,6116.75,7,Clothing,2588.67,2847.76,New,0.22,Cash,Retail,North-Bob,,,,1813.63,29.65,4385.55,Medium Sales
1089,,Eve,North,2528.99,4,Furniture,4231.75,4727.75,Returning,0.12,Credit Card,Retail,North-Eve,,,,1984.0,78.45,2269.32,Low Sales
1021,,Eve,North,671.55,19,Clothing,444.05,584.44,Returning,0.28,Cash,Retail,North-Eve,,,,2667.41,397.2,3109.22,Low Sales
1036,,Bob,North,3971.23,42,Furniture,3549.43,3967.69,New,0.14,Bank Transfer,Online,North-Bob,,,,17566.92,442.35,23330.02,Medium Sales
1010,,David,South,2418.61,30,Food,3289.01,3508.1400000000003,New,0.17,Bank Transfer,Retail,South-David,,,,6573.9,271.8,17891.51,Low Sales
1073,2023-06-12,Alice,North,2273.58,31,Food,4368.97,4696.85,Returning,0.25,Bank Transfer,Retail,North-Alice,2023.0,Jun,Monday,10164.28,447.06,36400.59,Low Sales
1024,2023-06-03,Alice,South,9602.64,35,Electronics,1258.53,1624.89,New,0.08,Credit Card,Online,South-Alice,2023.0,Jun,Saturday,12822.6,133.53,4549.69,High Sales
1064,,Alice,North,6201.37,21,Clothing,2278.04,2598.58,Returning,0.02,Credit Card,Retail,North-Alice,,,,6731.34,108.55,1091.4,Medium Sales
1099,2023-03-01,Bob,East,5613.1,31,Furniture,4632.85,4711.700000000001,New,0.21,Cash,Retail,East-Bob,2023.0,Mar,Wednesday,2444.35,43.55,30673.17,Medium Sales
1049,,Bob,East,4216.17,19,Clothing,3316.97,3544.02,Returning,0.14,Cash,Online,East-Bob,,,,4313.95,102.32,9427.09,Medium Sales
1099,2023-07-06,Charlie,East,4346.55,31,Food,1974.4,2259.5,New,0.27,Cash,Retail,East-Charlie,2023.0,Jul,Thursday,8838.1,203.34,18912.02,Medium Sales
1036,,Alice,East,5454.96,32,Clothing,700.49,1126.52,New,0.29,Credit Card,Retail,East-Alice,,,,13632.96,249.92,10454.11,Medium Sales
1082,,David,South,6994.66,2,Furniture,1349.3,1576.69,Returning,0.12,Credit Card,Online,South-David,,,,454.78,6.5,378.41,High Sales
1096,,David,South,7051.25,10,Clothing,2927.02,3387.21,Returning,0.12,Cash,Retail,South-David,,,,4601.9,65.26,4064.65,High Sales
1024,2023-02-06,Alice,West,1799.77,2,Furniture,3604.93,3830.71,Returning,0.12,Credit Card,Online,West-Alice,2023.0,Feb,Monday,451.56,25.09,919.37,Low Sales
1023,2023-12-07,Alice,North,5051.12,2,Food,665.89,944.79,New,0.1,Credit Card,Retail,North-Alice,2023.0,Dec,Thursday,557.8,11.04,188.96,Medium Sales
1062,,Alice,East,4178.39,24,Food,3018.01,3418.19,Returning,0.23,Bank Transfer,Retail,East-Alice,,,,9604.32,229.86,18868.41,Medium Sales
1096,2023-01-11,Bob,South,8718.22,17,Food,2774.24,3069.94,Returning,0.23,Bank Transfer,Retail,South-Bob,2023.0,Jan,Wednesday,5026.9,57.66,12003.47,High Sales
1037,2023-10-12,Bob,North,6351.05,32,Electronics,2594.08,3074.59,New,0.14,Cash,Retail,North-Bob,2023.0,Oct,Thursday,15376.32,242.11,13774.16,Medium Sales
1012,,Bob,North,5371.79,16,Food,3466.11,3799.67,Returning,0.01,Cash,Retail,North-Bob,,,,5336.96,99.35,607.95,Medium Sales
1055,2023-06-07,Eve,South,1242.41,16,Clothing,4195.38,4461.51,Returning,0.09,Bank Transfer,Online,South-Eve,2023.0,Jun,Wednesday,4258.08,342.73,6424.57,Low Sales
1013,,David,East,6095.82,46,Electronics,1648.8,1670.36,Returning,0.09,Credit Card,Retail,East-David,,,,991.76,16.27,6915.29,Medium Sales
1023,2023-02-03,David,West,1260.32,39,Food,4450.61,4663.339999999999,New,0.24,Cash,Retail,West-David,2023.0,Feb,Friday,8296.47,658.28,43648.86,Low Sales
1089,,Charlie,North,3438.35,31,Clothing,845.14,1001.77,New,0.03,Cash,Online,North-Charlie,,,,4855.53,141.22,931.65,Medium Sales
1099,,Bob,West,1514.14,43,Clothing,906.47,1283.04,New,0.24,Cash,Online,West-Bob,,,,16192.51,1069.42,13240.97,Low Sales
1030,,Eve,East,6951.53,24,Clothing,1370.52,1482.58,Returning,0.2,Credit Card,Retail,East-Eve,,,,2689.44,38.69,7116.38,High Sales
1017,,Eve,East,2141.9,1,Furniture,641.68,752.24,New,0.22,Bank Transfer,Online,East-Eve,,,,110.56,5.16,165.49,Low Sales
1062,2023-10-12,David,West,3979.41,11,Electronics,1190.08,1292.9399999999998,Returning,0.13,Cash,Retail,West-David,2023.0,Oct,Thursday,1131.46,28.43,1848.9,Medium Sales
1084,2023-11-01,Bob,East,8967.18,21,Clothing,576.74,648.29,Returning,0.2,Bank Transfer,Online,East-Bob,2023.0,Nov,Wednesday,1502.55,16.76,2722.82,High Sales
1089,2023-03-03,Charlie,North,2122.73,4,Furniture,4117.67,4280.06,Returning,0.18,Bank Transfer,Online,North-Charlie,2023.0,Mar,Friday,649.56,30.6,3081.64,Low Sales
1086,,Bob,West,5127.27,7,Food,737.9,1182.0,New,0.23,Credit Card,Retail,West-Bob,,,,3108.7,60.63,1903.02,Medium Sales
1013,,Alice,East,4250.79,26,Clothing,3749.12,4138.83,New,0.13,Credit Card,Online,East-Alice,,,,10132.46,238.37,13989.25,Medium Sales
1059,2023-02-06,Bob,West,279.43,47,Furniture,287.17,657.44,Returning,0.14,Credit Card,Retail,West-Bob,2023.0,Feb,Monday,17402.69,6227.92,4325.96,Low Sales
1019,,Alice,North,7948.31,12,Clothing,4745.18,5145.88,Returning,0.19,Credit Card,Online,North-Alice,,,,4808.4,60.5,11732.61,High Sales
1049,,Alice,East,783.55,31,Electronics,3570.24,3712.25,New,0.03,Credit Card,Online,East-Alice,,,,4402.31,561.84,3452.39,Low Sales
1100,,Charlie,North,4795.12,17,Electronics,83.64,528.49,New,0.13,Credit Card,Online,North-Charlie,,,,7562.45,157.71,1167.96,Medium Sales
1012,,David,East,5650.72,33,Food,3831.09,3908.37,New,0.29,Cash,Retail,East-David,,,,2550.24,45.13,37403.1,Medium Sales
1061,,Bob,South,6321.42,11,Clothing,2594.71,2769.52,Returning,0.01,Bank Transfer,Retail,South-Bob,,,,1922.91,30.42,304.65,Medium Sales
1019,,Alice,East,6917.45,28,Furniture,3907.86,4205.37,New,0.09,Credit Card,Online,East-Alice,,,,8330.28,120.42,10597.53,High Sales
1076,,Bob,West,2607.4,32,Food,2636.36,2696.78,New,0.09,Cash,Retail,West-Bob,,,,1933.44,74.15,7766.73,Low Sales
1009,2023-04-03,David,East,198.79,1,Clothing,3223.07,3590.83,New,0.19,Bank Transfer,Retail,East-David,2023.0,Apr,Monday,367.76,185.0,682.26,Low Sales
1071,2023-06-11,David,North,7262.09,47,Food,3942.34,4142.09,Returning,0.03,Credit Card,Retail,North-David,2023.0,Jun,Sunday,9388.25,129.28,5840.35,High Sales
1028,,Eve,North,5403.0,28,Furniture,2055.28,2449.6400000000003,New,0.19,Credit Card,Online,North-Eve,,,,11042.08,204.37,13032.08,Medium Sales
1078,2024-01-01,David,East,8377.57,42,Food,63.41,314.93,Returning,0.03,Cash,Retail,East-David,2024.0,Jan,Monday,10563.84,126.1,396.81,High Sales
1095,,Charlie,West,8231.74,7,Food,4257.24,4355.87,Returning,0.03,Bank Transfer,Online,West-Charlie,,,,690.41,8.39,914.73,High Sales
1052,,Alice,South,8448.93,2,Food,1935.41,2305.44,Returning,0.22,Credit Card,Online,South-Alice,,,,740.06,8.76,1014.39,High Sales
1083,,Eve,West,4902.44,42,Clothing,2505.41,2638.96,New,0.1,Bank Transfer,Online,West-Eve,,,,5609.1,114.41,11083.63,Medium Sales
1016,2023-09-11,Charlie,South,3402.92,24,Furniture,88.44,338.94,New,0.29,Cash,Online,South-Charlie,2023.0,Sep,Monday,6012.0,176.67,2359.02,Medium Sales
1069,2023-06-08,Bob,North,7936.43,4,Electronics,2485.86,2532.8700000000003,New,0.01,Credit Card,Online,North-Bob,2023.0,Jun,Thursday,188.04,2.37,101.31,High Sales
1099,,Alice,West,4567.81,44,Clothing,4933.11,5245.86,Returning,0.13,Bank Transfer,Retail,West-Alice,,,,13761.0,301.26,30006.32,Medium Sales
1012,,David,South,1916.08,19,Electronics,1427.42,1763.69,New,0.03,Cash,Retail,South-David,,,,6389.13,333.45,1005.3,Low Sales
1025,,Alice,East,8564.24,26,Electronics,2007.32,2202.87,Returning,0.11,Cash,Online,East-Alice,,,,5084.3,59.37,6300.21,High Sales
1052,2023-05-01,Bob,North,8837.34,11,Clothing,3451.59,3929.26,New,0.3,Credit Card,Retail,North-Bob,2023.0,May,Monday,5254.37,59.46,12966.56,High Sales
1085,,Eve,East,4716.47,40,Clothing,4083.23,4521.57,New,0.27,Bank Transfer,Retail,East-Eve,,,,17533.6,371.75,48832.96,Medium Sales
1100,,Eve,North,849.43,43,Furniture,2116.09,2472.98,New,0.01,Credit Card,Retail,North-Eve,,,,15346.27,1806.66,1063.38,Low Sales
1053,,Eve,West,3939.48,11,Furniture,1582.86,1942.55,New,0.17,Credit Card,Retail,West-Eve,,,,3956.59,100.43,3632.57,Medium Sales
1023,2023-03-08,David,West,8055.02,45,Food,4692.24,4825.92,Returning,0.19,Bank Transfer,Retail,West-David,2023.0,Mar,Wednesday,6015.6,74.68,41261.62,High Sales
1016,,Charlie,North,9027.56,3,Electronics,3401.87,3733.71,Returning,0.06,Bank Transfer,Retail,North-Charlie,,,,995.52,11.03,672.07,High Sales
1057,2023-09-01,Charlie,North,2114.38,12,Furniture,639.16,746.28,Returning,0.04,Bank Transfer,Retail,North-Charlie,2023.0,Sep,Friday,1285.44,60.8,358.21,Low Sales
1039,2023-09-04,Alice,North,763.04,3,Food,391.19,471.75,Returning,0.27,Cash,Online,North-Alice,2023.0,Sep,Monday,241.68,31.67,382.12,Low Sales
1053,,David,West,8785.77,42,Furniture,2443.57,2943.3100000000004,New,0.29,Cash,Online,West-David,,,,20989.08,238.9,35849.52,High Sales
1042,,Eve,South,3955.11,27,Clothing,1139.45,1454.41,Returning,0.3,Bank Transfer,Online,South-Eve,,,,8503.92,215.01,11780.72,Medium Sales
1058,2023-02-03,Eve,East,5463.43,49,Furniture,1307.22,1528.4,Returning,0.24,Cash,Retail,East-Eve,2023.0,Feb,Friday,10837.82,198.37,17973.98,Medium Sales
1039,,Bob,East,9683.85,2,Electronics,4394.58,4545.78,Returning,0.2,Credit Card,Retail,East-Bob,,,,302.4,3.12,1818.31,High Sales
1014,2023-04-12,Bob,West,758.99,49,Furniture,493.35,799.27,New,0.1,Bank Transfer,Online,West-Bob,2023.0,Apr,Wednesday,14990.08,1975.0,3916.42,Low Sales
1095,2023-03-03,Eve,East,6518.35,16,Electronics,3591.05,3625.35,Returning,0.05,Credit Card,Retail,East-Eve,2023.0,Mar,Friday,548.8,8.42,2900.28,Medium Sales
1005,,Eve,North,833.64,2,Clothing,1392.15,1448.5400000000002,Returning,0.02,Bank Transfer,Retail,North-Eve,,,,112.78,13.53,57.94,Low Sales
1035,2023-04-08,David,South,3817.14,30,Electronics,3813.62,3839.72,New,0.21,Credit Card,Online,South-David,2023.0,Apr,Saturday,783.0,20.51,24190.24,Medium Sales
1087,2023-03-01,Charlie,East,8057.76,20,Furniture,3625.94,3880.53,New,0.24,Bank Transfer,Online,East-Charlie,2023.0,Mar,Wednesday,5091.8,63.19,18626.54,High Sales
1093,2023-09-06,Bob,South,4391.38,38,Food,86.59,390.89,Returning,0.25,Credit Card,Online,South-Bob,2023.0,Sep,Wednesday,11563.4,263.32,3713.46,Medium Sales
1075,,Charlie,North,9972.11,28,Clothing,2570.22,2610.84,Returning,0.27,Bank Transfer,Retail,North-Charlie,,,,1137.36,11.41,19737.95,High Sales
1018,,David,East,5634.69,25,Furniture,739.63,1103.03,New,0.26,Bank Transfer,Retail,East-David,,,,9085.0,161.23,7169.7,Medium Sales
1076,,Eve,West,3279.51,32,Clothing,4337.82,4460.71,Returning,0.3,Cash,Retail,West-Eve,,,,3932.48,119.91,42822.82,Low Sales
1009,,Charlie,South,2279.1,10,Clothing,4364.35,4710.1,New,0.07,Credit Card,Online,South-Charlie,,,,3457.5,151.7,3297.07,Low Sales
1074,,Eve,North,3570.15,42,Furniture,2120.81,2611.94,Returning,0.23,Cash,Online,North-Eve,,,,20627.46,577.78,25231.34,Medium Sales
1058,2023-09-03,Eve,South,3788.08,40,Furniture,2249.76,2598.4,Returning,0.18,Credit Card,Retail,South-Eve,2023.0,Sep,Sunday,13945.6,368.14,18708.48,Medium Sales
1017,,Alice,East,780.27,33,Food,1551.25,1994.01,Returning,0.08,Cash,Online,East-Alice,,,,14611.08,1872.57,5264.19,Low Sales
1007,2023-08-04,Charlie,East,3758.78,13,Clothing,3597.2,4071.82,Returning,0.29,Bank Transfer,Online,East-Charlie,2023.0,Aug,Friday,6170.06,164.15,15350.76,Medium Sales
1046,,Charlie,West,4695.96,41,Clothing,1825.37,2073.88,Returning,0.27,Cash,Retail,West-Charlie,,,,10188.91,216.97,22957.85,Medium Sales
1013,,Eve,North,7255.1,42,Furniture,1375.57,1729.71,New,0.04,Cash,Online,North-Eve,,,,14873.88,205.01,2905.91,High Sales
1040,,David,North,6601.62,47,Electronics,2189.54,2617.0,New,0.01,Bank Transfer,Online,North-David,,,,20090.62,304.33,1229.99,Medium Sales
1042,2023-03-05,Alice,West,7116.78,37,Furniture,502.86,687.6,Returning,0.21,Cash,Online,West-Alice,2023.0,Mar,Sunday,6835.38,96.05,5342.65,High Sales
1009,,Eve,West,182.8,16,Clothing,3745.69,3883.77,Returning,0.18,Bank Transfer,Retail,West-Eve,,,,2209.28,1208.58,11185.26,Low Sales
1050,,Bob,North,2254.91,45,Furniture,112.35,586.18,Returning,0.28,Credit Card,Retail,North-Bob,,,,21322.35,945.6,7385.87,Low Sales
1027,,Bob,South,6650.67,22,Food,3240.2,3606.09,New,0.07,Cash,Online,South-Bob,,,,8049.58,121.03,5553.38,Medium Sales
1066,,Alice,South,4891.49,20,Electronics,955.18,1072.82,New,0.03,Bank Transfer,Retail,South-Alice,,,,2352.8,48.1,643.69,Medium Sales
1005,,David,West,152.6,43,Furniture,1200.4,1430.45,New,0.08,Bank Transfer,Retail,West-David,,,,9892.15,6482.4,4920.75,Low Sales
1029,,Eve,South,8064.5,27,Food,3196.38,3596.6400000000003,New,0.01,Cash,Retail,South-Eve,,,,10807.02,134.01,971.09,High Sales
1037,2023-09-01,Charlie,North,7750.81,41,Clothing,4965.07,5243.13,New,0.01,Credit Card,Online,North-Charlie,2023.0,Sep,Friday,11400.46,147.09,2149.68,High Sales
1038,2023-09-02,Alice,East,5529.35,16,Furniture,3899.7,4228.18,New,0.27,Cash,Retail,East-Alice,2023.0,Sep,Saturday,5255.68,95.05,18265.74,Medium Sales
1083,,David,East,757.99,34,Clothing,1167.91,1547.2600000000002,New,0.11,Bank Transfer,Online,East-David,,,,12897.9,1701.59,5786.75,Low Sales
1008,,Charlie,South,7688.5,32,Food,921.32,1236.1,New,0.12,Credit Card,Online,South-Charlie,,,,10072.96,131.01,4746.62,High Sales
1065,,Bob,West,5878.76,26,Clothing,4337.85,4612.490000000001,Returning,0.01,Cash,Retail,West-Bob,,,,7140.64,121.47,1199.25,Medium Sales
1086,2023-04-05,Bob,West,7841.4,25,Food,2248.71,2626.02,New,0.08,Bank Transfer,Online,West-Bob,2023.0,Apr,Wednesday,9432.75,120.29,5252.04,High Sales
1017,2023-07-02,Charlie,West,7542.3,2,Food,728.41,1094.92,New,0.24,Cash,Retail,West-Charlie,2023.0,Jul,Sunday,733.02,9.72,525.56,High Sales
1071,,Alice,West,8049.72,12,Food,4317.95,4636.59,New,0.18,Credit Card,Retail,West-Alice,,,,3823.68,47.5,10015.03,High Sales
1089,2023-08-09,Bob,West,5228.28,40,Furniture,4089.66,4275.96,New,0.23,Credit Card,Online,West-Bob,2023.0,Aug,Wednesday,7452.0,142.53,39338.83,Medium Sales
1045,,Eve,South,1489.21,9,Clothing,4920.34,5129.1900000000005,Returning,0.13,Credit Card,Online,South-Eve,,,,1879.65,126.22,6001.15,Low Sales
1004,,Charlie,East,6744.46,12,Clothing,4553.23,5038.74,New,0.09,Credit Card,Retail,East-Charlie,,,,5826.12,86.38,5441.84,High Sales
1036,2023-06-02,Charlie,East,6242.69,26,Electronics,4266.36,4331.429999999999,Returning,0.14,Credit Card,Retail,East-Charlie,2023.0,Jun,Friday,1691.82,27.1,15766.41,Medium Sales
1070,2023-12-11,Bob,South,7448.31,9,Electronics,310.24,451.81,Returning,0.1,Cash,Retail,South-Bob,2023.0,Dec,Monday,1274.13,17.11,406.63,High Sales
1031,,Alice,West,1781.82,10,Electronics,566.86,818.14,Returning,0.25,Credit Card,Retail,West-Alice,,,,2512.8,141.02,2045.35,Low Sales
1019,2023-11-10,Eve,South,2030.25,32,Electronics,2866.47,3286.47,New,0.09,Credit Card,Online,South-Eve,2023.0,Nov,Friday,13440.0,661.99,9465.03,Low Sales
1061,,Alice,East,8915.05,34,Clothing,2680.82,2771.02,New,0.2,Bank Transfer,Online,East-Alice,,,,3066.8,34.4,18842.94,High Sales
1054,,David,North,7524.78,48,Food,2316.92,2462.63,New,0.04,Credit Card,Online,North-David,,,,6994.08,92.95,4728.25,High Sales
1039,2023-09-02,David,South,9091.46,20,Food,2014.11,2056.35,Returning,0.21,Bank Transfer,Retail,South-David,2023.0,Sep,Saturday,844.8,9.29,8636.67,High Sales
1091,,Bob,West,7611.28,39,Furniture,2184.49,2540.42,Returning,0.27,Bank Transfer,Online,West-Bob,,,,13881.27,182.38,26750.62,High Sales
1074,2023-12-08,Bob,East,6011.84,2,Food,2868.02,2994.74,Returning,0.18,Bank Transfer,Online,East-Bob,2023.0,Dec,Friday,253.44,4.22,1078.11,Medium Sales
1090,,Bob,East,6575.91,1,Clothing,60.28,260.73,Returning,0.17,Cash,Online,East-Bob,,,,200.45,3.05,44.32,Medium Sales
1019,,David,East,8902.37,36,Clothing,1340.51,1567.92,New,0.29,Cash,Online,East-David,,,,8186.76,91.96,16369.08,High Sales
1039,,Alice,East,5830.19,24,Clothing,2615.48,3062.2200000000003,New,0.19,Bank Transfer,Retail,East-Alice,,,,10721.76,183.9,13963.72,Medium Sales
1067,2023-05-07,Alice,West,6360.67,27,Furniture,3624.97,3836.52,New,0.08,Cash,Online,West-Alice,2023.0,May,Sunday,5711.85,89.8,8286.88,Medium Sales
1045,,Bob,North,1649.12,2,Electronics,912.08,993.24,Returning,0.09,Credit Card,Online,North-Bob,,,,162.32,9.84,178.78,Low Sales
1013,,Eve,East,4791.82,31,Food,2757.06,3023.97,Returning,0.21,Cash,Online,East-Eve,,,,8274.21,172.67,19686.04,Medium Sales
1092,2023-09-02,Alice,South,7192.33,14,Clothing,3586.58,4068.43,New,0.22,Credit Card,Online,South-Alice,2023.0,Sep,Saturday,6745.9,93.79,12530.76,High Sales
1058,,David,North,2782.33,2,Clothing,2250.91,2558.68,New,0.09,Credit Card,Retail,North-David,,,,615.54,22.12,460.56,Low Sales
1020,2023-09-02,Charlie,East,2102.32,29,Electronics,184.05,675.9100000000001,Returning,0.1,Cash,Retail,East-Charlie,2023.0,Sep,Saturday,14263.94,678.49,1960.14,Low Sales
1092,,Charlie,North,3206.89,15,Clothing,2273.88,2696.02,New,0.3,Cash,Online,North-Charlie,,,,6332.1,197.45,12132.09,Low Sales
1072,,Charlie,South,2490.86,12,Food,1517.4,1545.02,New,0.03,Bank Transfer,Retail,South-Charlie,,,,331.44,13.31,556.21,Low Sales
1061,,Eve,East,2227.64,37,Furniture,4651.77,4984.39,Returning,0.12,Cash,Retail,East-Eve,,,,12306.94,552.47,22130.69,Low Sales
1039,,Bob,South,4306.02,28,Clothing,666.84,817.36,Returning,0.02,Cash,Retail,South-Bob,,,,4214.56,97.88,457.72,Medium Sales
1001,2023-04-08,David,West,9087.6,20,Food,3279.76,3563.9700000000003,Returning,0.25,Cash,Retail,West-David,2023.0,Apr,Saturday,5684.2,62.55,17819.85,High Sales
1003,,Eve,East,5119.89,39,Clothing,310.96,457.84,New,0.03,Credit Card,Online,East-Eve,,,,5728.32,111.88,535.67,Medium Sales
1077,2023-02-12,David,East,1960.41,24,Electronics,2258.54,2439.49,Returning,0.2,Credit Card,Retail,East-David,2023.0,Feb,Sunday,4342.8,221.53,11709.55,Low Sales
1092,,David,East,862.02,21,Clothing,2792.2,3254.55,New,0.02,Credit Card,Retail,East-David,,,,9709.35,1126.35,1366.91,Low Sales
1062,2023-02-04,Bob,East,6991.95,10,Clothing,1524.88,1636.14,New,0.2,Bank Transfer,Online,East-Bob,2023.0,Feb,Saturday,1112.6,15.91,3272.28,High Sales
1063,,Charlie,West,3889.71,46,Furniture,2302.62,2740.93,Returning,0.25,Bank Transfer,Online,West-Charlie,,,,20162.26,518.35,31520.7,Medium Sales
1025,,Bob,East,8236.13,14,Electronics,859.59,884.51,New,0.12,Bank Transfer,Online,East-Bob,,,,348.88,4.24,1485.98,High Sales
1056,,Eve,North,6629.16,37,Electronics,1555.41,1609.94,Returning,0.16,Credit Card,Online,North-Eve,,,,2017.61,30.44,9530.84,Medium Sales
1033,,Eve,East,7982.79,18,Furniture,3124.48,3553.27,Returning,0.12,Cash,Retail,East-Eve,,,,7718.22,96.69,7675.06,High Sales
1038,,Eve,West,2792.27,24,Clothing,1543.91,1862.88,New,0.09,Bank Transfer,Online,West-Eve,,,,7655.28,274.16,4023.82,Low Sales
1006,,Bob,East,6954.35,14,Food,4503.73,4879.879999999999,New,0.24,Bank Transfer,Retail,East-Bob,,,,5266.1,75.72,16396.4,High Sales
1058,,David,North,2714.21,34,Electronics,3160.61,3273.2200000000003,Returning,0.08,Credit Card,Retail,North-David,,,,3828.74,141.06,8903.16,Low Sales
1044,,David,West,9396.78,12,Electronics,2221.31,2494.48,Returning,0.22,Bank Transfer,Online,West-David,,,,3278.04,34.88,6585.43,High Sales
1045,2023-11-12,Alice,West,6400.11,22,Clothing,241.85,613.09,Returning,0.06,Cash,Online,West-Alice,2023.0,Nov,Sunday,8167.28,127.61,809.28,Medium Sales
1032,,Eve,North,3312.67,6,Clothing,2522.76,2840.1400000000003,Returning,0.07,Credit Card,Retail,North-Eve,,,,1904.28,57.48,1192.86,Medium Sales
1045,,David,North,2768.17,36,Electronics,3835.64,4076.77,Returning,0.1,Credit Card,Retail,North-David,,,,8680.68,313.59,14676.37,Low Sales
1061,,Alice,North,1990.17,45,Clothing,1364.51,1844.8,Returning,0.18,Cash,Online,North-Alice,,,,21613.05,1085.99,14942.88,Low Sales
1047,2023-10-07,David,North,6976.95,36,Food,4043.53,4384.85,New,0.14,Cash,Online,North-David,2023.0,Oct,Saturday,12287.52,176.12,22099.64,High Sales
1021,2023-04-06,Eve,North,2265.28,22,Electronics,1296.44,1751.24,New,0.22,Cash,Online,North-Eve,2023.0,Apr,Thursday,10005.6,441.69,8476.0,Low Sales
1080,2023-07-07,Charlie,West,5993.5,14,Food,4127.54,4495.13,New,0.06,Bank Transfer,Retail,West-Charlie,2023.0,Jul,Friday,5146.26,85.86,3775.91,Medium Sales
1085,2023-07-01,Eve,West,2719.89,16,Food,472.08,842.46,New,0.0,Cash,Retail,West-Eve,2023.0,Jul,Saturday,5926.08,217.88,0.0,Low Sales
1075,,Bob,East,6653.49,36,Clothing,4337.61,4386.82,Returning,0.23,Credit Card,Online,East-Bob,,,,1771.56,26.63,36322.87,Medium Sales
1036,,David,East,8167.9,25,Food,2520.97,2707.11,New,0.25,Cash,Retail,East-David,,,,4653.5,56.97,16919.44,High Sales
1099,,David,South,7802.45,32,Clothing,1517.86,1948.46,New,0.02,Credit Card,Online,South-David,,,,13779.2,176.6,1247.01,High Sales
1019,2023-10-11,Bob,East,7632.43,33,Furniture,1362.31,1486.29,Returning,0.18,Credit Card,Retail,East-Bob,2023.0,Oct,Wednesday,4091.34,53.6,8828.56,High Sales
1020,2023-06-09,Bob,East,1958.45,45,Clothing,2188.45,2255.05,New,0.11,Bank Transfer,Retail,East-Bob,2023.0,Jun,Friday,2997.0,153.03,11162.5,Low Sales
1057,,Charlie,North,975.01,36,Food,4995.3,5165.09,Returning,0.24,Cash,Online,North-Charlie,,,,6112.44,626.91,44626.38,Low Sales
1018,,David,North,7019.59,20,Furniture,1140.62,1258.63,Returning,0.26,Bank Transfer,Online,North-David,,,,2360.2,33.62,6544.88,High Sales
1047,2023-09-06,David,East,3746.64,18,Clothing,560.92,1024.31,Returning,0.26,Cash,Online,East-David,2023.0,Sep,Wednesday,8341.02,222.63,4793.77,Medium Sales
1049,,Charlie,South,4380.23,38,Food,2945.92,3381.2200000000003,Returning,0.23,Cash,Retail,South-Charlie,,,,16541.4,377.64,29551.86,Medium Sales
1014,2023-07-06,Alice,North,408.38,3,Electronics,2468.29,2723.13,Returning,0.08,Cash,Retail,North-Alice,2023.0,Jul,Thursday,764.52,187.21,653.55,Low Sales
1015,2023-08-02,Charlie,East,2669.81,23,Electronics,2644.77,2684.83,New,0.24,Cash,Online,East-Charlie,2023.0,Aug,Wednesday,921.38,34.51,14820.26,Low Sales
1031,,Eve,East,433.4,32,Clothing,3351.33,3711.47,New,0.16,Cash,Retail,East-Eve,,,,11524.48,2659.09,19002.73,Low Sales
1001,,David,West,8803.94,45,Clothing,1372.36,1687.83,New,0.02,Credit Card,Online,West-David,,,,14196.15,161.25,1519.05,High Sales
1054,,Bob,South,2509.63,16,Electronics,4557.79,5043.36,Returning,0.14,Credit Card,Retail,South-Bob,,,,7769.12,309.57,11297.13,Low Sales
1003,,Eve,West,5617.64,5,Food,2206.58,2490.47,New,0.28,Cash,Online,West-Eve,,,,1419.45,25.27,3486.66,Medium Sales
1016,,David,South,485.9,4,Food,688.98,863.8100000000001,New,0.27,Credit Card,Retail,South-David,,,,699.32,143.92,932.91,Low Sales
1087,2023-12-01,Charlie,North,6701.79,21,Food,3724.38,3988.7,New,0.03,Bank Transfer,Retail,North-Charlie,2023.0,Dec,Friday,5550.72,82.82,2512.88,Medium Sales
1057,,Eve,South,3297.97,40,Clothing,3233.37,3723.21,New,0.22,Bank Transfer,Retail,South-Eve,,,,19593.6,594.11,32764.25,Low Sales
1075,2023-12-08,David,East,8989.4,14,Furniture,1612.93,1964.15,Returning,0.24,Bank Transfer,Retail,East-David,2023.0,Dec,Friday,4917.08,54.7,6599.54,High Sales
1012,,Alice,East,8892.37,39,Furniture,3126.52,3465.79,New,0.08,Cash,Online,East-Alice,,,,13231.53,148.8,10813.26,High Sales
1074,,Alice,South,3320.38,31,Furniture,1138.32,1266.25,Returning,0.14,Cash,Retail,South-Alice,,,,3965.83,119.44,5495.52,Medium Sales
1096,2023-04-06,Bob,South,9019.51,14,Furniture,2251.95,2626.32,Returning,0.21,Credit Card,Online,South-Bob,2023.0,Apr,Thursday,5241.18,58.11,7721.38,High Sales
1016,,David,South,9961.96,6,Furniture,4502.09,4879.72,New,0.13,Credit Card,Online,South-David,,,,2265.78,22.74,3806.18,High Sales
1072,,Alice,West,8271.62,12,Clothing,710.99,876.46,Returning,0.03,Credit Card,Online,West-Alice,,,,1985.64,24.01,315.53,High Sales
1076,,Charlie,South,8464.23,16,Clothing,1964.15,2211.17,Returning,0.21,Bank Transfer,Online,South-Charlie,,,,3952.32,46.69,7429.53,High Sales
1024,,David,North,2565.19,17,Furniture,4114.66,4269.02,Returning,0.27,Bank Transfer,Retail,North-David,,,,2624.12,102.3,19594.8,Low Sales
1028,2023-11-08,Charlie,West,5809.35,45,Clothing,4848.98,4985.75,Returning,0.2,Bank Transfer,Online,West-Charlie,2023.0,Nov,Wednesday,6154.65,105.94,44871.75,Medium Sales
1008,,Charlie,West,765.83,23,Clothing,2296.93,2319.62,Returning,0.23,Bank Transfer,Retail,West-Charlie,,,,521.87,68.14,12270.79,Low Sales
1092,2023-07-07,Alice,South,1039.69,14,Furniture,2559.65,2709.4,Returning,0.11,Credit Card,Retail,South-Alice,2023.0,Jul,Friday,2096.5,201.65,4172.48,Low Sales
1036,2023-10-12,David,North,9989.04,7,Food,2882.25,3163.7,Returning,0.05,Cash,Retail,North-David,2023.0,Oct,Thursday,1970.15,19.72,1107.29,High Sales
1090,,Eve,West,3333.73,46,Clothing,4665.12,4675.9,New,0.19,Cash,Retail,West-Eve,,,,495.88,14.87,40867.37,Medium Sales
1008,2023-12-06,Alice,East,7507.02,32,Food,4298.12,4446.9,New,0.1,Bank Transfer,Online,East-Alice,2023.0,Dec,Wednesday,4760.96,63.42,14230.08,High Sales
1058,,Alice,West,8085.98,15,Clothing,894.48,1336.37,Returning,0.26,Cash,Retail,West-Alice,,,,6628.35,81.97,5211.84,High Sales
1060,,David,South,8594.43,44,Clothing,2211.95,2512.84,Returning,0.04,Cash,Online,South-David,,,,13239.16,154.04,4422.6,High Sales
1050,,David,North,9976.52,17,Furniture,2346.8,2654.65,New,0.13,Cash,Retail,North-David,,,,5233.45,52.46,5866.78,High Sales
1028,2023-12-08,Charlie,South,2490.82,41,Clothing,3956.03,4163.68,New,0.12,Bank Transfer,Retail,South-Charlie,2023.0,Dec,Friday,8513.65,341.8,20485.31,Low Sales
1092,,David,East,499.47,47,Electronics,3034.32,3375.79,New,0.28,Credit Card,Online,East-David,,,,16049.09,3213.22,44425.4,Low Sales
1041,2023-01-03,Charlie,East,4170.8,44,Electronics,3288.39,3391.46,New,0.05,Credit Card,Retail,East-Charlie,2023.0,Jan,Tuesday,4535.08,108.73,7461.21,Medium Sales
1100,2023-01-12,Alice,East,1387.8,34,Furniture,4991.09,5402.28,Returning,0.0,Cash,Retail,East-Alice,2023.0,Jan,Thursday,13980.46,1007.38,0.0,Low Sales
1064,2023-10-08,Bob,South,322.02,5,Food,421.05,488.23,Returning,0.07,Credit Card,Retail,South-Bob,2023.0,Oct,Sunday,335.9,104.31,170.88,Low Sales
1027,2023-06-02,Eve,West,3668.23,45,Food,1153.9,1485.34,New,0.25,Credit Card,Retail,West-Eve,2023.0,Jun,Friday,14914.8,406.59,16710.08,Medium Sales
1063,2023-05-10,Alice,South,7859.01,27,Food,2069.08,2246.24,New,0.06,Bank Transfer,Retail,South-Alice,2023.0,May,Wednesday,4783.32,60.86,3638.91,High Sales
1017,,David,North,5705.19,23,Electronics,1771.52,2147.8,New,0.07,Bank Transfer,Online,North-David,,,,8654.44,151.69,3457.96,Medium Sales
1073,,Eve,West,3196.5,40,Food,157.15,436.53,New,0.04,Cash,Retail,West-Eve,,,,11175.2,349.61,698.45,Low Sales
1033,,Bob,East,6577.99,14,Food,504.3,735.95,Returning,0.21,Cash,Retail,East-Bob,,,,3243.1,49.3,2163.69,Medium Sales
1084,,Bob,South,2396.98,15,Furniture,3420.72,3513.74,New,0.02,Cash,Online,South-Bob,,,,1395.3,58.21,1054.12,Low Sales
1077,2023-07-08,Charlie,East,242.38,43,Food,4402.66,4724.7,New,0.1,Bank Transfer,Retail,East-Charlie,2023.0,Jul,Saturday,13847.72,5713.23,20316.21,Low Sales
1092,2023-11-07,Eve,East,7667.1,33,Electronics,2595.42,3083.06,New,0.08,Credit Card,Online,East-Eve,2023.0,Nov,Tuesday,16092.12,209.89,8139.28,High Sales
1029,,Charlie,North,6275.06,31,Electronics,2719.0,3133.55,Returning,0.17,Bank Transfer,Retail,North-Charlie,,,,12851.05,204.8,16513.81,Medium Sales
1013,2023-12-01,Alice,West,7646.8,35,Electronics,1312.71,1352.11,Returning,0.22,Bank Transfer,Retail,West-Alice,2023.0,Dec,Friday,1379.0,18.03,10411.25,High Sales
1046,2023-12-07,Eve,North,485.49,17,Furniture,3850.99,4045.34,Returning,0.16,Credit Card,Online,North-Eve,2023.0,Dec,Thursday,3303.95,680.54,11003.32,Low Sales
1035,,Alice,North,8387.48,28,Furniture,3771.38,4234.92,New,0.28,Credit Card,Retail,North-Alice,,,,12979.12,154.74,33201.77,High Sales
1006,,Charlie,North,6233.31,19,Clothing,2962.41,3218.9,New,0.29,Cash,Retail,North-Charlie,,,,4873.31,78.18,17736.14,Medium Sales
1082,,Eve,East,5677.61,46,Food,1102.69,1437.12,New,0.11,Credit Card,Online,East-Eve,,,,15383.78,270.96,7271.83,Medium Sales
1069,2023-02-11,Charlie,North,6283.68,23,Furniture,530.24,987.41,Returning,0.23,Credit Card,Online,North-Charlie,2023.0,Feb,Saturday,10514.91,167.34,5223.4,Medium Sales
1047,,Eve,North,8657.89,32,Electronics,367.98,806.1400000000001,Returning,0.22,Credit Card,Retail,North-Eve,,,,14021.12,161.95,5675.23,High Sales
1025,2023-11-07,Charlie,West,5910.67,40,Electronics,2983.85,3239.74,New,0.27,Credit Card,Online,West-Charlie,2023.0,Nov,Tuesday,10235.6,173.17,34989.19,Medium Sales
1066,,Bob,West,5851.41,13,Furniture,4133.92,4358.37,New,0.13,Cash,Retail,West-Bob,,,,2917.85,49.87,7365.65,Medium Sales
1010,2023-12-10,Charlie,North,9907.72,20,Furniture,4298.74,4475.19,Returning,0.16,Cash,Online,North-Charlie,2023.0,Dec,Sunday,3529.0,35.62,14320.61,High Sales
1056,,Bob,West,7591.63,35,Furniture,2344.93,2707.25,New,0.12,Credit Card,Retail,West-Bob,,,,12681.2,167.04,11370.45,High Sales
1030,,Charlie,West,4478.71,5,Clothing,3932.14,4082.76,New,0.26,Credit Card,Online,West-Charlie,,,,753.1,16.82,5307.59,Medium Sales
1005,2023-08-09,Eve,North,7103.23,9,Electronics,4737.06,4869.5,New,0.07,Cash,Online,North-Eve,2023.0,Aug,Wednesday,1191.96,16.78,3067.79,High Sales
1033,,Eve,East,3953.38,29,Clothing,1412.09,1596.65,Returning,0.07,Cash,Online,East-Eve,,,,5352.24,135.38,3241.2,Medium Sales
1065,2023-07-01,Eve,North,2365.87,6,Clothing,2019.9,2116.74,New,0.11,Credit Card,Online,North-Eve,2023.0,Jul,Saturday,581.04,24.56,1397.05,Low Sales
1018,,David,West,6008.83,25,Food,4660.82,5011.429999999999,New,0.07,Bank Transfer,Online,West-David,,,,8765.25,145.87,8770.0,Medium Sales
1096,2023-02-02,Alice,East,9289.0,31,Electronics,1724.24,2036.2,New,0.17,Cash,Online,East-Alice,2023.0,Feb,Thursday,9670.76,104.11,10730.77,High Sales
1049,,Eve,South,9298.48,22,Electronics,4573.69,4820.299999999999,New,0.04,Cash,Online,South-Eve,,,,5425.42,58.35,4241.86,High Sales
1011,,Bob,East,3484.86,2,Furniture,4906.17,5107.43,Returning,0.1,Cash,Online,East-Bob,,,,402.52,11.55,1021.49,Medium Sales
1085,,Eve,West,5324.01,45,Furniture,3325.96,3781.4,Returning,0.27,Credit Card,Online,West-Eve,,,,20494.8,384.95,45944.01,Medium Sales
1026,,David,East,2195.2,5,Food,4093.61,4117.88,Returning,0.12,Credit Card,Retail,East-David,,,,121.35,5.53,2470.73,Low Sales
1063,,Bob,North,9956.75,27,Clothing,3760.25,4147.11,New,0.22,Cash,Online,North-Bob,,,,10445.22,104.91,24633.83,High Sales
1089,2023-12-10,David,South,9813.07,25,Furniture,3512.69,3964.63,Returning,0.03,Credit Card,Retail,South-David,2023.0,Dec,Sunday,11298.5,115.14,2973.47,High Sales
1086,2023-04-01,Bob,South,6530.14,8,Furniture,1569.31,1798.02,New,0.07,Credit Card,Online,South-Bob,2023.0,Apr,Saturday,1829.68,28.02,1006.89,Medium Sales
1059,2023-09-04,Charlie,South,8063.7,1,Electronics,332.62,612.46,Returning,0.24,Cash,Retail,South-Charlie,2023.0,Sep,Monday,279.84,3.47,146.99,High Sales
1027,2023-08-02,Alice,West,7179.49,20,Electronics,1748.11,2220.9,New,0.23,Credit Card,Retail,West-Alice,2023.0,Aug,Wednesday,9455.8,131.71,10216.14,High Sales
1049,,Alice,West,5972.27,44,Furniture,3351.33,3465.35,Returning,0.12,Bank Transfer,Online,West-Alice,,,,5016.88,84.0,18297.05,Medium Sales
1077,2023-12-10,David,South,628.15,23,Electronics,557.52,822.39,Returning,0.29,Credit Card,Online,South-David,2023.0,Dec,Sunday,6092.01,969.83,5485.34,Low Sales
1033,2023-06-06,Alice,East,4602.17,32,Food,108.99,351.6,Returning,0.27,Credit Card,Retail,East-Alice,2023.0,Jun,Tuesday,7763.52,168.69,3037.82,Medium Sales
1098,,David,South,6780.38,11,Furniture,741.48,878.09,New,0.29,Cash,Retail,South-David,,,,1502.71,22.16,2801.11,High Sales
1099,,David,East,6807.56,39,Electronics,3592.89,4004.0,New,0.13,Cash,Online,East-David,,,,16033.29,235.52,20300.28,High Sales
1001,2023-10-05,David,East,3793.91,47,Food,4865.33,5316.13,New,0.06,Bank Transfer,Online,East-David,2023.0,Oct,Thursday,21187.6,558.46,14991.49,Medium Sales
1021,,Alice,West,9422.75,24,Electronics,4916.17,5309.32,Returning,0.19,Credit Card,Online,West-Alice,,,,9435.6,100.14,24210.5,High Sales
1055,,David,East,1756.83,11,Electronics,2495.2,2600.93,New,0.21,Bank Transfer,Retail,East-David,,,,1163.03,66.2,6008.15,Low Sales
1006,,Alice,South,5053.56,29,Electronics,4353.29,4405.8,New,0.04,Bank Transfer,Online,South-Alice,,,,1522.79,30.13,5110.73,Medium Sales
1092,,David,West,6939.75,26,Furniture,3697.29,4003.96,New,0.24,Cash,Online,West-David,,,,7973.42,114.89,24984.71,High Sales
1081,,Eve,North,7001.64,16,Clothing,2530.15,2568.13,New,0.01,Credit Card,Online,North-Eve,,,,607.68,8.68,410.9,High Sales
1069,2023-03-12,David,North,6521.53,35,Electronics,2885.16,3224.84,New,0.14,Cash,Online,North-David,2023.0,Mar,Sunday,11888.8,182.3,15801.72,Medium Sales
1095,,Bob,West,2825.35,20,Food,729.27,999.18,New,0.1,Bank Transfer,Online,West-Bob,,,,5398.2,191.06,1998.36,Low Sales
1005,2023-02-04,David,South,1646.45,46,Furniture,4691.42,5026.1900000000005,Returning,0.22,Bank Transfer,Retail,South-David,2023.0,Feb,Saturday,15399.42,935.31,50865.04,Low Sales
1003,,Charlie,North,6395.81,3,Furniture,1792.05,2091.23,Returning,0.09,Cash,Retail,North-Charlie,,,,897.54,14.03,564.63,Medium Sales
1053,,David,North,6033.09,1,Food,2258.44,2475.56,New,0.25,Cash,Online,North-David,,,,217.12,3.6,618.89,Medium Sales
1023,,Bob,East,1875.62,47,Electronics,3374.72,3483.15,Returning,0.18,Cash,Online,East-Bob,,,,5096.21,271.71,29467.45,Low Sales
1053,,Bob,East,7080.88,1,Clothing,1702.82,1862.61,Returning,0.24,Cash,Retail,East-Bob,,,,159.79,2.26,447.03,High Sales
1037,,Alice,South,4606.2,17,Electronics,1308.58,1575.59,New,0.3,Cash,Online,South-Alice,,,,4539.17,98.54,8035.51,Medium Sales
1074,,Eve,West,6710.83,2,Food,3173.69,3503.11,New,0.2,Bank Transfer,Retail,West-Eve,,,,658.84,9.82,1401.24,High Sales
1074,,David,South,8389.93,29,Furniture,173.67,565.62,Returning,0.3,Cash,Online,South-David,,,,11366.55,135.48,4920.89,High Sales
1083,,Alice,West,1780.31,20,Clothing,3617.59,4003.5,New,0.01,Credit Card,Retail,West-Alice,,,,7718.2,433.53,800.7,Low Sales
1017,,Eve,North,289.53,6,Furniture,2594.42,3081.04,Returning,0.1,Bank Transfer,Retail,North-Eve,,,,2919.72,1008.43,1848.62,Low Sales
1085,2023-11-06,David,East,7813.12,8,Food,3048.48,3198.54,Returning,0.03,Bank Transfer,Online,East-David,2023.0,Nov,Monday,1200.48,15.36,767.65,High Sales
1078,2023-12-06,Charlie,South,6136.0,29,Electronics,3177.81,3222.65,Returning,0.08,Credit Card,Retail,South-Charlie,2023.0,Dec,Wednesday,1300.36,21.19,7476.55,Medium Sales
1073,,David,South,7026.43,48,Clothing,2658.9,2838.27,New,0.25,Credit Card,Online,South-David,,,,8609.76,122.53,34059.24,High Sales
1001,2023-08-10,Bob,West,8397.73,33,Furniture,2933.54,3307.75,Returning,0.01,Bank Transfer,Retail,West-Bob,2023.0,Aug,Thursday,12348.93,147.05,1091.56,High Sales
1051,2023-07-10,Bob,West,8047.83,3,Furniture,3434.75,3659.42,New,0.16,Cash,Online,West-Bob,2023.0,Jul,Monday,674.01,8.38,1756.52,High Sales
1045,2023-12-01,Charlie,South,9613.11,35,Furniture,3777.94,4188.66,New,0.17,Bank Transfer,Online,South-Charlie,2023.0,Dec,Friday,14375.2,149.54,24922.53,High Sales
1077,2023-01-10,Alice,West,5405.76,5,Electronics,3650.89,3930.06,New,0.17,Bank Transfer,Online,West-Alice,2023.0,Jan,Tuesday,1395.85,25.82,3340.55,Medium Sales
1004,,Eve,South,4936.11,27,Clothing,4354.6,4820.200000000001,New,0.14,Credit Card,Retail,South-Eve,,,,12571.2,254.68,18220.36,Medium Sales
1062,,David,South,4078.68,44,Electronics,987.74,1462.19,New,0.24,Bank Transfer,Online,South-David,,,,20875.8,511.83,15440.73,Medium Sales
1065,,Bob,South,1621.54,12,Electronics,2035.68,2079.64,Returning,0.04,Cash,Online,South-Bob,,,,527.52,32.53,998.23,Low Sales
1032,,Alice,North,5768.81,20,Electronics,4741.59,4975.2300000000005,New,0.09,Credit Card,Online,North-Alice,,,,4672.8,81.0,8955.41,Medium Sales
1034,2023-01-03,Charlie,West,2842.42,45,Food,2013.12,2321.87,New,0.18,Bank Transfer,Retail,West-Charlie,2023.0,Jan,Tuesday,13893.75,488.8,18807.15,Low Sales
1092,,Bob,East,9220.94,20,Food,668.11,803.49,New,0.21,Bank Transfer,Online,East-Bob,,,,2707.6,29.36,3374.66,High Sales
1095,2023-03-04,Charlie,East,5873.59,9,Food,2650.95,2860.42,New,0.12,Cash,Retail,East-Charlie,2023.0,Mar,Saturday,1885.23,32.1,3089.25,Medium Sales
1072,2023-05-11,David,West,5969.12,39,Clothing,591.98,934.04,New,0.26,Bank Transfer,Retail,West-David,2023.0,May,Thursday,13340.34,223.49,9471.17,Medium Sales
1039,2023-08-01,Eve,South,3613.75,4,Electronics,1054.12,1175.2199999999998,Returning,0.12,Bank Transfer,Retail,South-Eve,2023.0,Aug,Tuesday,484.4,13.4,564.11,Medium Sales
1026,,Bob,East,614.69,19,Electronics,4991.68,5296.650000000001,New,0.12,Bank Transfer,Online,East-Bob,,,,5794.43,942.66,12076.36,Low Sales
1034,,Bob,East,414.26,38,Food,2729.75,3081.5,New,0.01,Bank Transfer,Online,East-Bob,,,,13366.5,3226.6,1170.97,Low Sales
1054,,David,West,4291.02,27,Electronics,1456.09,1510.4299999999998,Returning,0.17,Cash,Retail,West-David,,,,1467.18,34.19,6932.87,Medium Sales
1003,,Alice,East,937.2,45,Electronics,4974.14,5227.93,New,0.21,Bank Transfer,Online,East-Alice,,,,11420.55,1218.58,49403.94,Low Sales
1050,,Eve,South,6107.78,43,Furniture,4834.47,4973.38,Returning,0.03,Bank Transfer,Online,South-Eve,,,,5973.13,97.8,6415.66,Medium Sales
1012,,Bob,West,8821.63,13,Electronics,2231.66,2596.61,Returning,0.09,Bank Transfer,Retail,West-Bob,,,,4744.35,53.78,3038.03,High Sales
1065,,Eve,South,8840.86,13,Furniture,1339.0,1441.88,Returning,0.23,Credit Card,Retail,South-Eve,,,,1337.44,15.13,4311.22,High Sales
1054,,Bob,East,6624.55,22,Electronics,4200.08,4647.28,Returning,0.11,Cash,Online,East-Bob,,,,9838.4,148.51,11246.42,Medium Sales
1005,2023-12-11,Eve,East,2191.2,28,Clothing,3592.32,3813.48,New,0.07,Credit Card,Retail,East-Eve,2023.0,Dec,Monday,6192.48,282.61,7474.42,Low Sales
1094,,Charlie,South,8643.67,47,Food,3450.36,3557.38,New,0.2,Credit Card,Online,South-Charlie,,,,5029.94,58.19,33439.37,High Sales
1094,,Bob,North,8872.33,45,Furniture,4470.91,4695.54,Returning,0.06,Cash,Retail,North-Bob,,,,10108.35,113.93,12677.96,High Sales
1057,2023-02-06,Eve,East,2046.87,22,Food,3462.61,3672.89,Returning,0.27,Credit Card,Online,East-Eve,2023.0,Feb,Monday,4626.16,226.01,21816.97,Low Sales
1017,2023-10-08,Alice,North,7400.52,43,Furniture,1454.8,1674.97,New,0.03,Credit Card,Online,North-Alice,2023.0,Oct,Sunday,9467.31,127.93,2160.71,High Sales
1047,,Charlie,East,2936.54,19,Furniture,3484.62,3781.55,Returning,0.21,Credit Card,Retail,East-Charlie,,,,5641.67,192.12,15088.38,Low Sales
1023,,Charlie,North,8046.14,8,Furniture,1563.78,1829.16,Returning,0.15,Cash,Online,North-Charlie,,,,2123.04,26.39,2194.99,High Sales
1079,,Alice,North,9972.66,8,Clothing,3808.23,3891.62,Returning,0.26,Bank Transfer,Online,North-Alice,,,,667.12,6.69,8094.57,High Sales
1085,2023-06-12,Eve,North,397.26,42,Electronics,3117.75,3159.88,New,0.04,Cash,Retail,North-Eve,2023.0,Jun,Monday,1769.46,445.42,5308.6,Low Sales
1014,,David,South,8983.92,26,Furniture,433.19,800.6,Returning,0.2,Cash,Online,South-David,,,,9552.66,106.33,4163.12,High Sales
1066,2023-09-01,Alice,North,6264.04,48,Clothing,2588.54,2872.8,New,0.17,Cash,Online,North-Alice,2023.0,Sep,Friday,13644.48,217.82,23442.05,Medium Sales
1075,,Eve,North,9736.49,26,Furniture,1749.34,1935.25,New,0.14,Credit Card,Online,North-Eve,,,,4833.66,49.64,7044.31,High Sales
1051,,Alice,North,4703.59,23,Electronics,1676.42,2082.52,New,0.15,Bank Transfer,Retail,North-Alice,,,,9340.3,198.58,7184.69,Medium Sales
1038,2023-02-08,Alice,East,8489.14,43,Furniture,3031.17,3231.32,Returning,0.22,Cash,Retail,East-Alice,2023.0,Feb,Wednesday,8606.45,101.38,30568.29,High Sales
1064,,Bob,North,717.7,13,Clothing,1645.51,2045.53,Returning,0.28,Cash,Retail,North-Bob,,,,5200.26,724.57,7445.73,Low Sales
1098,2023-10-12,Eve,East,3419.26,28,Electronics,3895.62,4055.44,New,0.03,Bank Transfer,Retail,East-Eve,2023.0,Oct,Thursday,4474.96,130.88,3406.57,Medium Sales
1038,,David,North,763.46,9,Clothing,400.42,446.11,New,0.01,Bank Transfer,Retail,North-David,,,,411.21,53.86,40.15,Low Sales
1050,2023-05-03,Bob,North,9755.9,20,Electronics,3318.92,3785.91,New,0.24,Bank Transfer,Online,North-Bob,2023.0,May,Wednesday,9339.8,95.73,18172.37,High Sales
1098,,Alice,South,8188.04,19,Electronics,4055.51,4258.84,Returning,0.03,Credit Card,Online,South-Alice,,,,3863.27,47.18,2427.54,High Sales
1082,,Alice,East,8540.22,48,Food,3380.52,3778.94,Returning,0.3,Bank Transfer,Online,East-Alice,,,,19124.16,223.93,54416.74,High Sales
1030,,Alice,North,9385.86,39,Food,2511.28,2658.0600000000004,New,0.19,Credit Card,Retail,North-Alice,,,,5724.42,60.99,19696.22,High Sales
1079,2023-04-10,Eve,East,942.52,12,Food,4754.02,5080.740000000001,New,0.2,Cash,Online,East-Eve,2023.0,Apr,Monday,3920.64,415.97,12193.78,Low Sales
1091,2023-01-10,Eve,East,3917.42,15,Electronics,1534.7,1972.62,Returning,0.06,Credit Card,Retail,East-Eve,2023.0,Jan,Tuesday,6568.8,167.68,1775.36,Medium Sales
1051,,Bob,West,803.25,31,Furniture,144.88,175.29,New,0.07,Bank Transfer,Online,West-Bob,,,,942.71,117.36,380.38,Low Sales
1063,2023-04-12,David,South,2186.85,14,Clothing,2188.35,2605.36,Returning,0.2,Credit Card,Retail,South-David,2023.0,Apr,Wednesday,5838.14,266.97,7295.01,Low Sales
1098,2024-01-01,Bob,South,2370.72,11,Clothing,213.41,503.36,Returning,0.27,Bank Transfer,Online,South-Bob,2024.0,Jan,Monday,3189.45,134.54,1494.98,Low Sales
1052,2023-05-04,Charlie,South,4744.16,26,Clothing,4771.99,5079.65,New,0.29,Credit Card,Online,South-Charlie,2023.0,May,Thursday,7999.16,168.61,38300.56,Medium Sales
1038,,Alice,West,2758.77,42,Food,1089.09,1355.44,New,0.06,Cash,Retail,West-Alice,,,,11186.7,405.5,3415.71,Low Sales
1097,2023-01-02,Alice,West,1099.68,27,Electronics,3955.19,4393.68,Returning,0.04,Credit Card,Online,West-Alice,2023.0,Jan,Monday,11839.23,1076.61,4745.17,Low Sales
1088,2023-11-01,Alice,South,1758.16,11,Food,3884.13,3915.41,Returning,0.02,Cash,Online,South-Alice,2023.0,Nov,Wednesday,344.08,19.57,861.39,Low Sales
1079,,Bob,West,1558.03,38,Furniture,1127.76,1265.66,Returning,0.26,Bank Transfer,Retail,West-Bob,,,,5240.2,336.33,12504.72,Low Sales
1030,2023-05-08,Bob,West,9733.46,34,Electronics,3125.07,3564.19,Returning,0.09,Cash,Online,West-Bob,2023.0,May,Monday,14930.08,153.39,10906.42,High Sales
1051,,Alice,West,7617.0,43,Clothing,287.99,666.64,Returning,0.0,Bank Transfer,Online,West-Alice,,,,16281.95,213.76,0.0,High Sales
1081,2023-12-04,Bob,South,9680.84,19,Food,2443.69,2462.34,New,0.07,Bank Transfer,Retail,South-Bob,2023.0,Dec,Monday,354.35,3.66,3274.91,High Sales
1005,,Eve,South,4453.43,6,Food,122.5,385.83,Returning,0.1,Cash,Retail,South-Eve,,,,1579.98,35.48,231.5,Medium Sales
1029,2023-02-08,Eve,South,2855.85,46,Furniture,4609.66,4879.15,Returning,0.3,Cash,Retail,South-Eve,2023.0,Feb,Wednesday,12396.54,434.08,67332.27,Low Sales
1004,,Bob,West,8003.1,38,Furniture,4881.63,5088.06,Returning,0.16,Credit Card,Retail,West-Bob,,,,7844.34,98.02,30935.4,High Sales
1010,,Alice,South,3329.91,49,Food,1150.3,1306.02,New,0.06,Credit Card,Retail,South-Alice,,,,7630.28,229.14,3839.7,Medium Sales
1056,2023-10-02,Bob,West,3063.9,42,Furniture,1080.12,1424.1699999999998,New,0.1,Cash,Online,West-Bob,2023.0,Oct,Monday,14450.1,471.62,5981.51,Low Sales
1017,,Bob,North,2401.81,28,Clothing,3780.91,3892.73,Returning,0.1,Cash,Retail,North-Bob,,,,3130.96,130.36,10899.64,Low Sales
1074,,Bob,West,1383.82,1,Furniture,1304.23,1705.71,Returning,0.01,Cash,Retail,West-Bob,,,,401.48,29.01,17.06,Low Sales
1017,2023-09-06,Charlie,East,2638.98,35,Furniture,4480.63,4884.12,New,0.04,Cash,Online,East-Charlie,2023.0,Sep,Wednesday,14122.15,535.14,6837.77,Low Sales
1084,,Eve,South,3617.67,40,Food,2890.95,3104.43,New,0.21,Bank Transfer,Online,South-Eve,,,,8539.2,236.04,26077.21,Medium Sales
1088,2023-06-11,David,South,6772.54,8,Food,1786.35,1935.29,New,0.04,Cash,Online,South-David,2023.0,Jun,Sunday,1191.52,17.59,619.29,High Sales
1069,,David,East,719.39,47,Electronics,4171.83,4320.93,New,0.07,Cash,Online,East-David,,,,7007.7,974.12,14215.86,Low Sales
1034,2023-02-04,Charlie,West,2184.02,7,Electronics,2492.36,2738.6800000000003,Returning,0.11,Cash,Online,West-Charlie,2023.0,Feb,Saturday,1724.24,78.95,2108.78,Low Sales
1006,,Bob,North,8109.33,11,Food,4562.58,4925.17,New,0.23,Cash,Retail,North-Bob,,,,3988.49,49.18,12460.68,High Sales
1053,2023-10-06,Charlie,East,1554.53,39,Furniture,4643.67,4829.52,Returning,0.17,Bank Transfer,Online,East-Charlie,2023.0,Oct,Friday,7248.15,466.26,32019.72,Low Sales
1066,,Charlie,East,3492.19,4,Furniture,868.83,1177.75,Returning,0.21,Credit Card,Retail,East-Charlie,,,,1235.68,35.38,989.31,Medium Sales
1077,,Alice,West,8660.12,25,Electronics,61.5,258.92,New,0.17,Credit Card,Online,West-Alice,,,,4935.5,56.99,1100.41,High Sales
1043,,Eve,South,1633.76,12,Electronics,4920.46,5079.68,New,0.21,Credit Card,Retail,South-Eve,,,,1910.64,116.95,12800.79,Low Sales
1075,2023-02-01,David,West,919.09,26,Electronics,4535.38,4557.56,New,0.0,Credit Card,Online,West-David,2023.0,Feb,Wednesday,576.68,62.74,0.0,Low Sales
1023,,Bob,East,4896.93,38,Clothing,324.45,336.37,New,0.28,Credit Card,Retail,East-Bob,,,,452.96,9.25,3578.98,Medium Sales
1055,,David,East,3093.95,46,Clothing,4173.52,4294.85,Returning,0.03,Bank Transfer,Retail,East-David,,,,5581.18,180.39,5926.89,Low Sales
1080,,David,South,5677.74,12,Electronics,2316.13,2525.27,Returning,0.12,Credit Card,Retail,South-David,,,,2509.68,44.2,3636.39,Medium Sales
1095,,Eve,South,8057.67,43,Furniture,1331.86,1758.98,Returning,0.23,Bank Transfer,Retail,South-Eve,,,,18366.16,227.93,17396.31,High Sales
1075,,David,South,1457.77,37,Electronics,4399.8,4801.06,New,0.13,Bank Transfer,Retail,South-David,,,,14846.62,1018.45,23093.1,Low Sales
1016,2023-03-06,David,West,5848.92,46,Clothing,1023.5,1164.41,Returning,0.28,Credit Card,Retail,West-David,2023.0,Mar,Monday,6481.86,110.82,14997.6,Medium Sales
1008,,Charlie,South,5104.54,24,Furniture,4739.13,4868.95,New,0.14,Credit Card,Retail,South-Charlie,,,,3115.68,61.04,16359.67,Medium Sales
1004,,Eve,East,1526.38,16,Clothing,1067.83,1189.22,Returning,0.26,Credit Card,Retail,East-Eve,,,,1942.24,127.24,4947.16,Low Sales
1004,,Alice,East,6277.59,13,Furniture,3087.73,3263.96,New,0.24,Cash,Retail,East-Alice,,,,2290.99,36.49,10183.56,Medium Sales
1056,,Bob,North,2809.04,25,Clothing,1154.28,1408.4,Returning,0.29,Bank Transfer,Retail,North-Bob,,,,6353.0,226.16,10210.9,Low Sales
1025,,David,West,4929.56,4,Furniture,2751.06,2976.01,Returning,0.28,Credit Card,Online,West-David,,,,899.8,18.25,3333.13,Medium Sales
1067,,Bob,North,914.5,11,Furniture,3435.68,3552.63,New,0.27,Cash,Retail,North-Bob,,,,1286.45,140.67,10551.31,Low Sales
1096,2023-02-05,Alice,East,4649.88,32,Furniture,991.63,1065.55,Returning,0.22,Bank Transfer,Retail,East-Alice,2023.0,Feb,Sunday,2365.44,50.87,7501.47,Medium Sales
1067,,Bob,North,3133.99,49,Furniture,2628.38,2644.54,Returning,0.11,Cash,Online,North-Bob,,,,791.84,25.27,14254.07,Low Sales
1027,,Alice,East,8241.57,7,Food,2371.85,2457.29,New,0.03,Cash,Retail,East-Alice,,,,598.08,7.26,516.03,High Sales
1093,2023-01-11,Charlie,North,664.09,46,Clothing,401.64,757.26,New,0.21,Credit Card,Retail,North-Charlie,2023.0,Jan,Wednesday,16358.52,2463.3,7315.13,Low Sales
1032,,David,South,4244.21,11,Clothing,4100.62,4230.0,New,0.29,Bank Transfer,Online,South-David,,,,1423.18,33.53,13493.7,Medium Sales
1050,,Alice,North,4638.47,28,Food,1711.63,1951.24,New,0.22,Cash,Online,North-Alice,,,,6709.08,144.64,12019.64,Medium Sales
1061,2023-03-05,Bob,South,7277.56,41,Furniture,2894.18,3193.92,New,0.28,Bank Transfer,Retail,South-Bob,2023.0,Mar,Sunday,12289.34,168.87,36666.2,High Sales
1051,2023-09-01,David,South,5785.45,23,Furniture,2598.18,3042.73,Returning,0.24,Credit Card,Online,South-David,2023.0,Sep,Friday,10224.65,176.73,16795.87,Medium Sales
1019,,Charlie,West,6705.4,45,Clothing,2590.64,3036.18,New,0.05,Bank Transfer,Retail,West-Charlie,,,,20049.3,299.0,6831.41,Medium Sales
1021,,David,South,7792.79,23,Food,580.75,956.16,Returning,0.07,Cash,Retail,South-David,,,,8634.43,110.8,1539.42,High Sales
1005,,Alice,South,8635.81,28,Furniture,2146.24,2173.47,Returning,0.1,Cash,Retail,South-Alice,,,,762.44,8.83,6085.72,High Sales
1082,2023-11-08,Charlie,North,3207.37,43,Furniture,2289.22,2581.0,New,0.05,Bank Transfer,Online,North-Charlie,2023.0,Nov,Wednesday,12546.54,391.18,5549.15,Low Sales
1092,2023-10-02,Bob,East,5426.42,47,Furniture,3681.53,4076.96,Returning,0.17,Cash,Retail,East-Bob,2023.0,Oct,Monday,18585.21,342.49,32574.91,Medium Sales
1042,,Charlie,West,8417.07,26,Electronics,4208.09,4226.56,Returning,0.29,Cash,Retail,West-Charlie,,,,480.22,5.71,31868.26,High Sales
1061,,Charlie,South,9895.57,25,Food,2747.66,3027.01,New,0.23,Cash,Online,South-Charlie,,,,6983.75,70.57,17405.31,High Sales
1022,,Eve,West,8906.24,29,Furniture,479.58,909.88,Returning,0.13,Credit Card,Retail,West-Eve,,,,12478.7,140.11,3430.25,High Sales
1021,,Charlie,North,3777.53,19,Electronics,1222.4,1464.71,New,0.0,Credit Card,Retail,North-Charlie,,,,4603.89,121.88,0.0,Medium Sales
1070,,Charlie,South,2032.15,33,Food,866.42,878.43,New,0.09,Cash,Retail,South-Charlie,,,,396.33,19.5,2608.94,Low Sales
1001,,David,North,4944.99,36,Furniture,666.84,682.24,New,0.16,Bank Transfer,Retail,North-David,,,,554.4,11.21,3929.7,Medium Sales
1005,,Bob,West,7442.25,14,Clothing,1861.2,2075.35,Returning,0.1,Credit Card,Retail,West-Bob,,,,2998.1,40.28,2905.49,High Sales
1012,,David,North,4976.43,14,Electronics,1185.5,1271.45,Returning,0.03,Bank Transfer,Retail,North-David,,,,1203.3,24.18,534.01,Medium Sales
1090,,David,West,4883.49,35,Electronics,1130.6,1466.1799999999998,Returning,0.13,Cash,Online,West-David,,,,11745.3,240.51,6671.12,Medium Sales
1046,2023-08-09,Alice,North,8398.48,30,Furniture,320.73,678.04,Returning,0.08,Cash,Retail,North-Alice,2023.0,Aug,Wednesday,10719.3,127.63,1627.3,High Sales
1034,2023-07-01,David,West,3677.9,28,Furniture,137.47,234.63,New,0.27,Bank Transfer,Retail,West-David,2023.0,Jul,Saturday,2720.48,73.97,1773.8,Medium Sales
1049,,Eve,East,8611.97,17,Electronics,558.7,1004.08,Returning,0.03,Credit Card,Online,East-Eve,,,,7571.46,87.92,512.08,High Sales
1078,,Eve,North,4127.37,3,Clothing,902.38,1128.91,New,0.01,Bank Transfer,Retail,North-Eve,,,,679.59,16.47,33.87,Medium Sales
1090,2023-10-11,Alice,North,3349.51,16,Clothing,2183.37,2263.36,Returning,0.0,Bank Transfer,Retail,North-Alice,2023.0,Oct,Wednesday,1279.84,38.21,0.0,Medium Sales
1045,,Bob,East,4594.5,46,Food,2577.08,2961.56,Returning,0.1,Cash,Online,East-Bob,,,,17686.08,384.94,13623.18,Medium Sales
1027,2023-03-01,Bob,East,7648.22,30,Furniture,745.93,1143.02,Returning,0.2,Credit Card,Online,East-Bob,2023.0,Mar,Wednesday,11912.7,155.76,6858.12,High Sales
1073,2023-07-05,David,North,1347.42,29,Clothing,2152.68,2475.93,Returning,0.22,Bank Transfer,Online,North-David,2023.0,Jul,Wednesday,9374.25,695.72,15796.43,Low Sales
1026,,David,East,2044.55,45,Food,1741.66,2169.86,Returning,0.14,Credit Card,Online,East-David,,,,19269.0,942.46,13670.12,Low Sales
1047,2023-07-07,David,South,9519.3,15,Clothing,957.95,1329.26,New,0.21,Cash,Online,South-David,2023.0,Jul,Friday,5569.65,58.51,4187.17,High Sales
1086,,Bob,West,1837.37,46,Furniture,83.86,526.14,Returning,0.11,Credit Card,Online,West-Bob,,,,20344.88,1107.28,2662.27,Low Sales
1056,,Charlie,West,5720.5,25,Food,2361.74,2584.35,Returning,0.2,Cash,Online,West-Charlie,,,,5565.25,97.29,12921.75,Medium Sales
1094,2023-12-01,Eve,West,5835.21,38,Food,3443.98,3820.3,Returning,0.01,Credit Card,Retail,West-Eve,2023.0,Dec,Friday,14300.16,245.07,1451.71,Medium Sales
1063,,Charlie,South,4947.28,42,Food,1170.07,1669.9499999999998,Returning,0.12,Bank Transfer,Retail,South-Charlie,,,,20994.96,424.37,8416.55,Medium Sales
1048,2023-12-01,Charlie,East,6482.98,47,Clothing,702.44,1067.66,New,0.24,Cash,Retail,East-Charlie,2023.0,Dec,Friday,17165.34,264.78,12043.2,Medium Sales
1061,,Bob,East,2375.28,38,Furniture,4440.86,4506.81,Returning,0.24,Bank Transfer,Online,East-Bob,,,,2506.1,105.51,41102.11,Low Sales
1081,,Charlie,North,5571.36,23,Food,1411.37,1675.35,New,0.21,Cash,Retail,North-Charlie,,,,6071.54,108.98,8091.94,Medium Sales
1026,,Alice,East,3784.52,25,Electronics,1156.88,1454.68,Returning,0.06,Credit Card,Online,East-Alice,,,,7445.0,196.72,2182.02,Medium Sales
1036,2023-02-05,David,North,6650.51,42,Furniture,4292.63,4387.99,New,0.07,Credit Card,Retail,North-David,2023.0,Feb,Sunday,4005.12,60.22,12900.69,Medium Sales
1001,,Alice,South,1498.11,7,Electronics,4094.68,4576.5,New,0.3,Cash,Retail,South-Alice,,,,3372.74,225.13,9610.65,Low Sales
1008,,Eve,West,5751.69,22,Electronics,2269.32,2365.3500000000004,New,0.03,Cash,Retail,West-Eve,,,,2112.66,36.73,1561.13,Medium Sales
1099,,David,West,1934.18,17,Food,2471.73,2568.73,New,0.05,Cash,Retail,West-David,,,,1649.0,85.26,2183.42,Low Sales
1052,,Charlie,West,2858.57,18,Food,1127.86,1586.29,New,0.04,Credit Card,Online,West-Charlie,,,,8251.74,288.67,1142.13,Low Sales
1079,,Eve,East,2265.23,49,Clothing,437.59,675.54,Returning,0.1,Cash,Online,East-Eve,,,,11659.55,514.72,3310.15,Low Sales
1047,2023-09-08,David,North,1910.09,41,Clothing,2888.49,2929.45,New,0.06,Cash,Retail,North-David,2023.0,Sep,Friday,1679.36,87.92,7206.45,Low Sales
1056,,Charlie,North,8274.54,10,Clothing,536.81,839.92,Returning,0.15,Bank Transfer,Online,North-Charlie,,,,3031.1,36.63,1259.88,High Sales
1086,2023-05-11,Alice,South,2928.5,10,Furniture,2273.91,2578.8,New,0.14,Cash,Online,South-Alice,2023.0,May,Thursday,3048.9,104.11,3610.32,Low Sales
1014,2023-02-07,David,East,9278.53,7,Clothing,4705.46,4747.07,New,0.27,Bank Transfer,Retail,East-David,2023.0,Feb,Tuesday,291.27,3.14,8971.96,High Sales
1090,,Charlie,South,9702.27,48,Electronics,4766.53,5253.07,Returning,0.01,Bank Transfer,Online,South-Charlie,,,,23353.92,240.71,2521.47,High Sales
1028,2023-03-11,Alice,North,5755.48,38,Clothing,1234.69,1511.26,New,0.1,Bank Transfer,Online,North-Alice,2023.0,Mar,Saturday,10509.66,182.6,5742.79,Medium Sales
1087,,Eve,North,1515.71,27,Food,3139.36,3423.6600000000003,New,0.18,Credit Card,Online,North-Eve,,,,7676.1,506.44,16638.99,Low Sales
1078,,Eve,West,3808.03,33,Clothing,2396.68,2661.54,New,0.18,Bank Transfer,Online,West-Eve,,,,8740.38,229.52,15809.55,Medium Sales
1088,,Eve,East,7997.55,1,Furniture,4384.64,4693.900000000001,New,0.14,Cash,Retail,East-Eve,,,,309.26,3.87,657.15,High Sales
1002,,Eve,North,3737.17,44,Furniture,1393.58,1533.09,Returning,0.24,Credit Card,Retail,North-Eve,,,,6138.44,164.25,16189.43,Medium Sales
1026,2023-06-02,Bob,West,961.47,34,Electronics,68.33,219.08,New,0.02,Credit Card,Online,West-Bob,2023.0,Jun,Friday,5125.5,533.09,148.97,Low Sales
1014,,David,East,5612.17,4,Furniture,854.68,1115.24,New,0.24,Credit Card,Retail,East-David,,,,1042.24,18.57,1070.63,Medium Sales
1059,2023-08-11,David,South,8466.7,17,Clothing,1780.14,2185.42,Returning,0.15,Credit Card,Retail,South-David,2023.0,Aug,Friday,6889.76,81.37,5572.82,High Sales
1056,,Bob,East,7979.67,4,Food,1612.82,1647.25,Returning,0.04,Credit Card,Retail,East-Bob,,,,137.72,1.73,263.56,High Sales
1007,,Charlie,East,1833.72,43,Furniture,3967.25,4272.92,New,0.27,Credit Card,Online,East-Charlie,,,,13143.81,716.78,49608.6,Low Sales
1003,2023-11-05,Charlie,North,6760.37,26,Electronics,3418.78,3824.1,New,0.19,Credit Card,Online,North-Charlie,2023.0,Nov,Sunday,10538.32,155.88,18891.05,High Sales
1023,,Eve,North,2282.99,4,Clothing,1532.8,1619.69,Returning,0.05,Bank Transfer,Retail,North-Eve,,,,347.56,15.22,323.94,Low Sales
1018,,Alice,East,2260.25,1,Electronics,2315.83,2333.19,New,0.01,Cash,Retail,East-Alice,,,,17.36,0.77,23.33,Low Sales
1038,2023-04-02,Charlie,North,8753.31,7,Furniture,523.02,686.25,Returning,0.04,Cash,Online,North-Charlie,2023.0,Apr,Sunday,1142.61,13.05,192.15,High Sales
1099,2023-03-04,Alice,North,2571.72,30,Furniture,4495.82,4794.009999999999,New,0.18,Bank Transfer,Retail,North-Alice,2023.0,Mar,Saturday,8945.7,347.85,25887.65,Low Sales
1015,,David,North,2706.15,9,Electronics,4680.35,4758.110000000001,Returning,0.05,Bank Transfer,Online,North-David,,,,699.84,25.86,2141.15,Low Sales
1064,,Alice,West,106.47,35,Clothing,4900.03,5118.83,Returning,0.07,Credit Card,Retail,West-Alice,,,,7658.0,7192.64,12541.13,Low Sales
1089,,David,West,8719.62,8,Furniture,4349.34,4629.9800000000005,Returning,0.01,Credit Card,Online,West-David,,,,2245.12,25.75,370.4,High Sales
1028,2023-01-11,Bob,East,7946.69,24,Food,911.11,1214.56,New,0.22,Bank Transfer,Online,East-Bob,2023.0,Jan,Wednesday,7282.8,91.65,6412.88,High Sales
1074,,Bob,North,6310.56,19,Furniture,278.67,423.13,New,0.24,Credit Card,Online,North-Bob,,,,2744.74,43.49,1929.47,Medium Sales
1039,2023-01-08,Eve,West,7527.63,36,Clothing,2919.0,3125.01,New,0.24,Cash,Online,West-Eve,2023.0,Jan,Sunday,7416.36,98.52,27000.09,High Sales
1057,2023-08-06,Charlie,East,1605.28,43,Furniture,4567.39,4958.780000000001,New,0.04,Cash,Retail,East-Charlie,2023.0,Aug,Sunday,16829.77,1048.4,8529.1,Low Sales
1017,,Eve,North,4637.4,27,Electronics,927.89,1399.09,Returning,0.27,Credit Card,Online,North-Eve,,,,12722.4,274.34,10199.37,Medium Sales
1086,,David,South,3577.07,32,Furniture,84.86,517.18,Returning,0.2,Credit Card,Retail,South-David,,,,13834.24,386.75,3309.95,Medium Sales
1090,2023-04-01,Eve,North,1028.39,14,Furniture,4037.21,4323.71,Returning,0.27,Credit Card,Online,North-Eve,2023.0,Apr,Saturday,4011.0,390.03,16343.62,Low Sales
1044,2023-08-08,Alice,North,4912.69,18,Clothing,430.14,641.18,New,0.13,Cash,Online,North-Alice,2023.0,Aug,Tuesday,3798.72,77.32,1500.36,Medium Sales
1025,,David,West,9215.32,28,Electronics,2097.84,2270.99,New,0.13,Credit Card,Retail,West-David,,,,4848.2,52.61,8266.4,High Sales
1017,,Bob,East,496.59,29,Clothing,3410.49,3481.72,New,0.24,Bank Transfer,Retail,East-Bob,,,,2065.67,415.97,24232.77,Low Sales
1013,2023-01-06,Charlie,East,2985.46,16,Furniture,1222.15,1284.36,Returning,0.03,Credit Card,Retail,East-Charlie,2023.0,Jan,Friday,995.36,33.34,616.49,Low Sales
1084,,David,West,2154.66,35,Food,465.61,812.9100000000001,New,0.16,Bank Transfer,Online,West-David,,,,12155.5,564.15,4552.3,Low Sales
1025,,David,North,2457.65,47,Furniture,3861.61,3998.91,New,0.25,Credit Card,Online,North-David,,,,6453.1,262.57,46987.19,Low Sales
1068,2023-06-04,Alice,South,9093.5,31,Clothing,3169.37,3304.15,Returning,0.25,Credit Card,Retail,South-Alice,2023.0,Jun,Sunday,4178.18,45.95,25607.16,High Sales
1010,,Charlie,North,4733.88,4,Food,4943.03,5442.15,Returning,0.29,Cash,Online,North-Charlie,,,,1996.48,42.17,6312.89,Medium Sales
1067,2023-07-09,Bob,North,4716.36,37,Clothing,1754.32,1856.4,New,0.21,Bank Transfer,Retail,North-Bob,2023.0,Jul,Sunday,3776.96,80.08,14424.23,Medium Sales
1018,,David,South,7629.7,17,Clothing,355.72,438.27,Returning,0.06,Bank Transfer,Online,South-David,,,,1403.35,18.39,447.04,High Sales
1100,,David,West,1629.47,39,Electronics,3685.03,3743.39,New,0.01,Bank Transfer,Online,West-David,,,,2276.04,139.68,1459.92,Low Sales
1086,,Alice,East,4923.93,48,Food,2632.58,2926.68,Returning,0.14,Cash,Online,East-Alice,,,,14116.8,286.7,19667.29,Medium Sales
